dai_date,dai_close
2007-01-02,100.0
2007-01-03,100.1466064453125
2007-01-04,100.99239349365234
2007-01-05,101.94300842285156
2007-01-08,101.32811737060547
2007-01-09,101.33147430419922
2007-01-10,101.41432189941406
2007-01-11,100.97512817382812
2007-01-12,101.11830139160156
2007-01-15,100.80085754394531
2007-01-16,100.71541595458984
2007-01-17,101.01950073242188
2007-01-18,100.37628936767578
2007-01-19,100.43672943115234
2007-01-22,100.17876434326172
2007-01-23,99.96466827392578
2007-01-24,100.23480224609375
2007-01-25,100.6120834350586
2007-01-26,100.57449340820312
2007-01-29,99.91273498535156
2007-01-30,99.95636749267578
2007-01-31,100.32568359375
2007-02-01,100.45417785644531
2007-02-02,100.23932647705078
2007-02-05,101.14462280273438
2007-02-06,100.9336929321289
2007-02-07,100.2406997680664
2007-02-08,99.42156219482422
2007-02-09,99.81571960449219
2007-02-12,99.88420867919922
2007-02-13,99.62850952148438
2007-02-14,99.43569946289062
2007-02-15,99.98678588867188
2007-02-16,100.6685791015625
2007-02-19,100.18360137939453
2007-02-20,99.67870330810547
2007-02-21,99.24311065673828
2007-02-22,99.25914001464844
2007-02-23,99.11658477783203
2007-02-26,99.66049194335938
2007-02-27,100.47846221923828
2007-02-28,101.18256378173828
2007-03-01,101.87208557128906
2007-03-02,102.76488494873047
2007-03-05,104.48355865478516
2007-03-06,103.65394592285156
2007-03-07,103.36420440673828
2007-03-08,102.02520751953125
2007-03-09,102.46357727050781
2007-03-12,102.41040802001953
2007-03-13,102.79630279541016
2007-03-14,103.0298080444336
2007-03-15,102.12715148925781
2007-03-16,101.87229919433594
2007-03-19,101.48780822753906
2007-03-20,101.66761016845703
2007-03-21,101.21587371826172
2007-03-22,100.94963073730469
2007-03-23,101.01725006103516
2007-03-26,100.6190185546875
2007-03-27,100.42727661132812
2007-03-28,101.10003662109375
2007-03-29,100.73223876953125
2007-03-30,100.52824401855469
2007-04-02,100.34352111816406
2007-04-03,99.62498474121094
2007-04-04,99.47161102294922
2007-04-05,99.17498779296875
2007-04-09,99.04871368408203
2007-04-10,98.53620147705078
2007-04-11,98.60504913330078
2007-04-12,98.23260498046875
2007-04-13,97.99988555908203
2007-04-16,97.23653411865234
2007-04-17,97.49884033203125
2007-04-18,98.03042602539062
2007-04-19,98.19053649902344
2007-04-20,97.640625
2007-04-23,97.91675567626953
2007-04-24,97.74140930175781
2007-04-25,97.46841430664062
2007-04-26,97.197021484375
2007-04-27,97.00699615478516
2007-04-30,96.99545288085938
2007-05-02,96.82683563232422
2007-05-03,96.76920318603516
2007-05-04,96.83232116699219
2007-05-07,96.44440460205078
2007-05-08,97.33564758300781
2007-05-09,97.17066955566406
2007-05-10,96.92761993408203
2007-05-11,97.45726013183594
2007-05-14,96.74874114990234
2007-05-15,96.57162475585938
2007-05-16,96.49613189697266
2007-05-17,96.38697814941406
2007-05-18,96.66798400878906
2007-05-21,96.531494140625
2007-05-22,96.51801300048828
2007-05-23,96.2621078491211
2007-05-24,96.41781616210938
2007-05-25,96.11748504638672
2007-05-28,95.72176361083984
2007-05-29,95.38285064697266
2007-05-30,95.87027740478516
2007-05-31,95.58070373535156
2007-06-01,95.4121322631836
2007-06-04,95.04906463623047
2007-06-05,94.9148941040039
2007-06-06,95.37841033935547
2007-06-07,95.34068298339844
2007-06-08,95.71987915039062
2007-06-11,95.62708282470703
2007-06-12,95.53791046142578
2007-06-13,95.2166976928711
2007-06-14,94.64508056640625
2007-06-15,94.13945007324219
2007-06-18,93.9247817993164
2007-06-19,93.76132202148438
2007-06-20,93.67526245117188
2007-06-21,93.66012573242188
2007-06-22,93.23320770263672
2007-06-25,93.5059585571289
2007-06-26,93.90027618408203
2007-06-27,94.43233489990234
2007-06-28,93.71200561523438
2007-06-29,93.39671325683594
2007-07-02,93.38436889648438
2007-07-03,93.3786392211914
2007-07-04,93.1274185180664
2007-07-05,92.85563659667969
2007-07-06,92.50113677978516
2007-07-09,92.26936340332031
2007-07-10,92.43538665771484
2007-07-11,92.72540283203125
2007-07-12,92.21346282958984
2007-07-13,92.06817626953125
2007-07-16,92.33727264404297
2007-07-17,92.24127960205078
2007-07-18,92.2990951538086
2007-07-19,92.20138549804688
2007-07-20,92.54360961914062
2007-07-23,92.96195220947266
2007-07-24,93.35250854492188
2007-07-25,94.34564208984375
2007-07-26,95.06352233886719
2007-07-27,96.4078140258789
2007-07-30,96.40837097167969
2007-07-31,95.74654388427734
2007-08-01,96.523681640625
2007-08-02,95.95611572265625
2007-08-03,95.95228576660156
2007-08-06,96.26842498779297
2007-08-07,95.7873764038086
2007-08-08,95.08578491210938
2007-08-09,96.2945785522461
2007-08-10,97.59381866455078
2007-08-13,97.31533813476562
2007-08-14,98.25247955322266
2007-08-15,101.23963928222656
2007-08-16,105.15045166015625
2007-08-17,105.38908386230469
2007-08-20,104.33293151855469
2007-08-21,104.48907470703125
2007-08-22,103.72660827636719
2007-08-23,102.07445526123047
2007-08-24,102.22454833984375
2007-08-27,101.91024780273438
2007-08-28,102.57682037353516
2007-08-29,102.90068054199219
2007-08-30,102.49547576904297
2007-08-31,101.70885467529297
2007-09-03,102.11351776123047
2007-09-04,102.54019165039062
2007-09-05,102.64141845703125
2007-09-06,102.67916107177734
2007-09-07,103.02986907958984
2007-09-10,103.4720458984375
2007-09-11,102.74690246582031
2007-09-12,102.21530151367188
2007-09-13,101.39302062988281
2007-09-14,101.5875015258789
2007-09-17,101.4402847290039
2007-09-18,100.84980010986328
2007-09-19,99.80238342285156
2007-09-20,99.86360931396484
2007-09-21,99.09434509277344
2007-09-24,99.28147888183594
2007-09-25,99.58028411865234
2007-09-26,98.66728973388672
2007-09-27,98.34130096435547
2007-09-28,98.44123077392578
2007-10-01,97.92666625976562
2007-10-02,98.12257385253906
2007-10-03,97.62728118896484
2007-10-04,97.70802307128906
2007-10-05,97.60938262939453
2007-10-08,97.3162612915039
2007-10-09,97.55532836914062
2007-10-10,96.69673156738281
2007-10-11,96.13921356201172
2007-10-12,96.59428405761719
2007-10-15,96.19285583496094
2007-10-16,97.47159576416016
2007-10-17,97.24800109863281
2007-10-18,97.92872619628906
2007-10-19,98.61515045166016
2007-10-22,100.15734100341797
2007-10-23,99.13628387451172
2007-10-24,99.601806640625
2007-10-25,98.88275146484375
2007-10-26,98.27194213867188
2007-10-29,97.91604614257812
2007-10-30,97.70008087158203
2007-10-31,97.18975830078125
2007-11-01,97.28840637207031
2007-11-02,97.38349914550781
2007-11-05,97.92042541503906
2007-11-06,97.3729476928711
2007-11-07,97.73371124267578
2007-11-08,98.12693786621094
2007-11-09,99.9053955078125
2007-11-12,101.82901000976562
2007-11-13,100.86024475097656
2007-11-14,99.52677917480469
2007-11-15,100.35941314697266
2007-11-16,100.53619384765625
2007-11-19,100.68550872802734
2007-11-20,100.08229064941406
2007-11-21,101.28439331054688
2007-11-22,101.1928939819336
2007-11-23,101.86735534667969
2007-11-26,101.0326919555664
2007-11-27,101.0967025756836
2007-11-28,100.25714111328125
2007-11-29,100.17798614501953
2007-11-30,99.72915649414062
2007-12-03,100.60478210449219
2007-12-04,100.68240356445312
2007-12-05,100.13794708251953
2007-12-06,100.0989990234375
2007-12-07,99.19121551513672
2007-12-10,98.6727294921875
2007-12-11,98.77056121826172
2007-12-12,99.19110107421875
2007-12-13,99.10880279541016
2007-12-14,99.1552963256836
2007-12-17,99.6160659790039
2007-12-18,99.5578384399414
2007-12-19,100.06819915771484
2007-12-20,100.16966247558594
2007-12-21,99.31494903564453
2007-12-24,98.60436248779297
2007-12-26,97.72526550292969
2007-12-27,96.82378387451172
2007-12-28,97.25901794433594
2007-12-31,98.37604522705078
2008-01-02,99.14534759521484
2008-01-03,100.77831268310547
2008-01-04,101.0685806274414
2008-01-07,101.03707885742188
2008-01-08,100.58048248291016
2008-01-09,100.92684173583984
2008-01-10,100.74381256103516
2008-01-11,100.84910583496094
2008-01-14,101.30685424804688
2008-01-15,102.02061462402344
2008-01-16,103.52064514160156
2008-01-17,103.5064468383789
2008-01-18,103.6673355102539
2008-01-21,105.8232421875
2008-01-22,105.4343490600586
2008-01-23,105.83952331542969
2008-01-24,103.82369995117188
2008-01-25,102.58323669433594
2008-01-28,102.99281311035156
2008-01-29,102.62095642089844
2008-01-30,102.546630859375
2008-01-31,102.95365142822266
2008-02-01,102.66682434082031
2008-02-04,102.49220275878906
2008-02-05,103.10063171386719
2008-02-06,104.34565734863281
2008-02-07,104.9481201171875
2008-02-08,104.32950592041016
2008-02-11,104.40362548828125
2008-02-12,103.6959228515625
2008-02-13,103.14543914794922
2008-02-14,102.3650131225586
2008-02-15,102.56275939941406
2008-02-18,102.23799133300781
2008-02-19,102.11622619628906
2008-02-20,102.36404418945312
2008-02-21,101.71080780029297
2008-02-22,101.98809051513672
2008-02-25,101.1518783569336
2008-02-26,100.8850326538086
2008-02-27,101.04098510742188
2008-02-28,101.23621368408203
2008-02-29,103.00837707519531
2008-03-03,103.72879791259766
2008-03-04,103.60458374023438
2008-03-05,102.99366760253906
2008-03-06,102.75517272949219
2008-03-07,103.31201934814453
2008-03-10,103.82785034179688
2008-03-11,102.90191650390625
2008-03-12,102.81558227539062
2008-03-13,104.05626678466797
2008-03-14,104.09461212158203
2008-03-17,106.44235229492188
2008-03-18,105.04594421386719
2008-03-19,104.699951171875
2008-03-20,105.98196411132812
2008-03-24,108.03353881835938
2008-03-25,106.39983367919922
2008-03-26,106.21007537841797
2008-03-27,105.2918701171875
2008-03-28,105.22978210449219
2008-03-31,105.14991760253906
2008-04-01,104.48729705810547
2008-04-02,103.46849060058594
2008-04-03,103.52165985107422
2008-04-04,103.11415100097656
2008-04-07,102.77238464355469
2008-04-08,102.97454833984375
2008-04-09,102.72015380859375
2008-04-10,103.90233612060547
2008-04-11,103.43842315673828
2008-04-14,103.735595703125
2008-04-15,103.30855560302734
2008-04-16,102.30497741699219
2008-04-17,101.3409652709961
2008-04-18,100.52814483642578
2008-04-21,100.18486785888672
2008-04-22,100.05268859863281
2008-04-23,100.28966522216797
2008-04-24,100.7022705078125
2008-04-25,100.2560806274414
2008-04-28,100.16179656982422
2008-04-29,101.09573364257812
2008-04-30,100.93753051757812
2008-05-01,100.38575744628906
2008-05-02,100.35420989990234
2008-05-05,99.99636840820312
2008-05-06,100.2533950805664
2008-05-07,100.27149963378906
2008-05-08,101.73959350585938
2008-05-09,102.5212173461914
2008-05-12,101.7684097290039
2008-05-13,100.67989349365234
2008-05-14,99.53550720214844
2008-05-15,99.56324005126953
2008-05-16,99.65505981445312
2008-05-19,99.79540252685547
2008-05-20,99.5516128540039
2008-05-21,99.52529907226562
2008-05-22,99.2522201538086
2008-05-23,98.97900390625
2008-05-26,98.83445739746094
2008-05-27,98.44226837158203
2008-05-28,98.38027954101562
2008-05-29,98.29102325439453
2008-05-30,98.4664077758789
2008-06-02,99.03428649902344
2008-06-03,99.14002990722656
2008-06-04,99.3721694946289
2008-06-05,98.37909698486328
2008-06-06,97.18989562988281
2008-06-09,96.87887573242188
2008-06-10,97.04811096191406
2008-06-11,96.65962219238281
2008-06-12,96.7625961303711
2008-06-13,96.59436798095703
2008-06-16,95.90733337402344
2008-06-17,95.9613265991211
2008-06-18,96.1723403930664
2008-06-19,96.32242584228516
2008-06-20,96.31576538085938
2008-06-23,96.02843475341797
2008-06-24,96.12993621826172
2008-06-25,95.98084259033203
2008-06-26,95.88867950439453
2008-06-27,97.02510833740234
2008-06-30,97.30770874023438
2008-07-01,96.92225646972656
2008-07-02,96.14381408691406
2008-07-03,96.19890594482422
2008-07-04,96.69866943359375
2008-07-07,96.01909637451172
2008-07-08,96.53959655761719
2008-07-09,96.2104263305664
2008-07-10,96.35591125488281
2008-07-11,96.33243560791016
2008-07-14,96.14383697509766
2008-07-15,97.32341766357422
2008-07-16,97.90697479248047
2008-07-17,96.79694366455078
2008-07-18,96.04913330078125
2008-07-21,95.6259765625
2008-07-22,95.6127700805664
2008-07-23,95.36180114746094
2008-07-24,95.72965240478516
2008-07-25,95.91910552978516
2008-07-28,95.65257263183594
2008-07-29,95.96112060546875
2008-07-30,96.45108032226562
2008-07-31,96.20743560791016
2008-08-01,97.00784301757812
2008-08-04,96.62059020996094
2008-08-05,97.13773345947266
2008-08-06,96.73773956298828
2008-08-07,96.5533676147461
2008-08-08,98.4771957397461
2008-08-11,99.03375244140625
2008-08-12,99.7258071899414
2008-08-13,100.67668151855469
2008-08-14,100.0698013305664
2008-08-15,99.66548919677734
2008-08-18,100.21199798583984
2008-08-19,100.72261810302734
2008-08-20,100.20231628417969
2008-08-21,101.00895690917969
2008-08-22,99.79744720458984
2008-08-25,100.19084930419922
2008-08-26,101.17631530761719
2008-08-27,100.72562408447266
2008-08-28,100.77251434326172
2008-08-29,101.66793060302734
2008-09-01,102.76598358154297
2008-09-02,102.76576232910156
2008-09-03,103.63895416259766
2008-09-04,103.95272064208984
2008-09-05,106.91266632080078
2008-09-08,105.2555160522461
2008-09-09,106.32670593261719
2008-09-10,107.65814208984375
2008-09-11,108.76461029052734
2008-09-12,106.97479248046875
2008-09-15,107.67894744873047
2008-09-16,108.99217224121094
2008-09-17,107.54985046386719
2008-09-18,105.80042266845703
2008-09-19,104.69439697265625
2008-09-22,103.50247955322266
2008-09-23,103.26715850830078
2008-09-24,103.23164367675781
2008-09-25,103.09027099609375
2008-09-26,104.27507019042969
2008-09-29,105.71823120117188
2008-09-30,107.08346557617188
2008-10-01,107.67443084716797
2008-10-02,109.66692352294922
2008-10-03,111.06356811523438
2008-10-06,115.47364807128906
2008-10-07,115.42794036865234
2008-10-08,116.75019073486328
2008-10-09,116.56590270996094
2008-10-10,118.18866729736328
2008-10-13,116.86259460449219
2008-10-14,113.42374420166016
2008-10-15,115.87873840332031
2008-10-16,117.62084197998047
2008-10-17,117.48538970947266
2008-10-20,117.3905258178711
2008-10-21,120.31422424316406
2008-10-22,126.01869201660156
2008-10-23,128.9333953857422
2008-10-24,136.23402404785156
2008-10-27,137.85089111328125
2008-10-28,133.31898498535156
2008-10-29,128.65208435058594
2008-10-30,125.71791076660156
2008-10-31,128.22691345214844
2008-11-03,126.91480255126953
2008-11-04,125.82333374023438
2008-11-05,125.75813293457031
2008-11-06,128.31419372558594
2008-11-07,128.58450317382812
2008-11-10,126.26585388183594
2008-11-11,129.78912353515625
2008-11-12,132.4629364013672
2008-11-13,133.20513916015625
2008-11-14,131.36561584472656
2008-11-17,131.64276123046875
2008-11-18,131.3850860595703
2008-11-19,131.84901428222656
2008-11-20,134.6013641357422
2008-11-21,134.54588317871094
2008-11-24,130.98533630371094
2008-11-25,130.59695434570312
2008-11-26,131.0088653564453
2008-11-27,131.1394500732422
2008-11-28,132.9879150390625
2008-12-01,135.92393493652344
2008-12-02,135.86279296875
2008-12-03,136.8426971435547
2008-12-04,137.36566162109375
2008-12-05,137.47085571289062
2008-12-08,133.91433715820312
2008-12-09,134.8131866455078
2008-12-10,133.59559631347656
2008-12-11,132.68966674804688
2008-12-12,133.11325073242188
2008-12-15,131.1300506591797
2008-12-16,130.44593811035156
2008-12-17,129.311767578125
2008-12-18,125.94612884521484
2008-12-19,130.22694396972656
2008-12-22,129.57644653320312
2008-12-23,129.00244140625
2008-12-24,128.53660583496094
2008-12-26,127.90718078613281
2008-12-29,126.00423431396484
2008-12-30,127.69190979003906
2008-12-31,128.79388427734375
2009-01-02,128.74269104003906
2009-01-05,128.38111877441406
2009-01-06,128.86468505859375
2009-01-07,128.33055114746094
2009-01-08,130.42369079589844
2009-01-09,131.84951782226562
2009-01-12,135.57403564453125
2009-01-13,137.77688598632812
2009-01-14,138.5821075439453
2009-01-15,138.9639434814453
2009-01-16,135.71080017089844
2009-01-19,136.90380859375
2009-01-20,139.88172912597656
2009-01-21,141.29762268066406
2009-01-22,141.6152801513672
2009-01-23,142.5828399658203
2009-01-26,139.8070068359375
2009-01-27,138.19212341308594
2009-01-28,137.10205078125
2009-01-29,138.08041381835938
2009-01-30,141.21810913085938
2009-02-02,141.92581176757812
2009-02-03,140.873046875
2009-02-04,141.1077423095703
2009-02-05,140.27415466308594
2009-02-06,138.15953063964844
2009-02-09,135.8615264892578
2009-02-10,137.04470825195312
2009-02-11,139.42864990234375
2009-02-12,140.4858856201172
2009-02-13,138.03399658203125
2009-02-16,138.5394287109375
2009-02-17,139.80845642089844
2009-02-18,138.9510498046875
2009-02-19,136.75982666015625
2009-02-20,136.97341918945312
2009-02-23,134.3458709716797
2009-02-24,132.47731018066406
2009-02-25,131.15814208984375
2009-02-26,129.72918701171875
2009-02-27,131.67831420898438
2009-03-02,132.36753845214844
2009-03-03,131.2158203125
2009-03-04,130.25823974609375
2009-03-05,130.62745666503906
2009-03-06,131.85488891601562
2009-03-09,130.10462951660156
2009-03-10,129.2916259765625
2009-03-11,129.38409423828125
2009-03-12,130.01087951660156
2009-03-13,127.79580688476562
2009-03-16,126.52835083007812
2009-03-17,126.56784057617188
2009-03-18,125.93047332763672
2009-03-19,125.645751953125
2009-03-20,124.94743347167969
2009-03-23,123.7391586303711
2009-03-24,122.84956359863281
2009-03-25,122.8317642211914
2009-03-26,121.73724365234375
2009-03-27,124.9527587890625
2009-03-30,126.50162506103516
2009-03-31,123.54881286621094
2009-04-01,123.73184967041016
2009-04-02,121.14173126220703
2009-04-03,120.57071685791016
2009-04-06,119.05131530761719
2009-04-07,121.54727172851562
2009-04-08,121.86400604248047
2009-04-09,121.40423583984375
2009-04-13,120.79729461669922
2009-04-14,121.279052734375
2009-04-15,122.75739288330078
2009-04-16,122.9454574584961
2009-04-17,124.07868194580078
2009-04-20,125.61045837402344
2009-04-21,126.36370849609375
2009-04-22,126.35783386230469
2009-04-23,125.28852844238281
2009-04-24,125.350830078125
2009-04-27,126.6177749633789
2009-04-28,128.02536010742188
2009-04-29,125.26005554199219
2009-04-30,123.46055603027344
2009-05-04,122.51322174072266
2009-05-05,122.15620422363281
2009-05-06,122.72138214111328
2009-05-07,121.35462951660156
2009-05-08,120.70760345458984
2009-05-11,121.2189712524414
2009-05-12,121.43816375732422
2009-05-13,122.91952514648438
2009-05-14,124.2147445678711
2009-05-15,124.84903717041016
2009-05-18,124.54157257080078
2009-05-19,122.9594955444336
2009-05-20,122.88400268554688
2009-05-21,122.24290466308594
2009-05-22,121.54591369628906
2009-05-25,120.21521759033203
2009-05-26,121.06212615966797
2009-05-27,120.53385162353516
2009-05-28,118.99826049804688
2009-05-29,118.34906005859375
2009-06-01,118.35977935791016
2009-06-02,117.32276916503906
2009-06-03,117.47471618652344
2009-06-04,117.39273071289062
2009-06-05,116.71371459960938
2009-06-08,117.24911499023438
2009-06-09,117.0357894897461
2009-06-10,116.0892333984375
2009-06-11,116.4172134399414
2009-06-12,116.6168212890625
2009-06-15,118.0090103149414
2009-06-16,119.35868072509766
2009-06-17,120.47173309326172
2009-06-18,119.97076416015625
2009-06-19,119.40333557128906
2009-06-22,120.69888305664062
2009-06-23,121.48722076416016
2009-06-24,121.29004669189453
2009-06-25,120.89439392089844
2009-06-26,120.83685302734375
2009-06-29,121.08513641357422
2009-06-30,120.0551986694336
2009-07-01,119.43986511230469
2009-07-02,120.25836944580078
2009-07-03,121.56350708007812
2009-07-06,123.28807830810547
2009-07-07,122.57974243164062
2009-07-08,124.86536407470703
2009-07-09,125.79503631591797
2009-07-10,127.2071533203125
2009-07-13,126.49754333496094
2009-07-14,125.1744613647461
2009-07-15,123.81849670410156
2009-07-16,123.13133239746094
2009-07-17,123.26899719238281
2009-07-20,121.61791229248047
2009-07-21,121.88352966308594
2009-07-22,122.73199462890625
2009-07-23,121.22561645507812
2009-07-24,120.92611694335938
2009-07-27,120.42341613769531
2009-07-28,121.47889709472656
2009-07-29,121.97876739501953
2009-07-30,121.65196228027344
2009-07-31,120.3985366821289
2009-08-03,119.53104400634766
2009-08-04,119.36318969726562
2009-08-05,118.79658508300781
2009-08-06,118.62012481689453
2009-08-07,118.60615539550781
2009-08-10,118.06689453125
2009-08-11,119.22241973876953
2009-08-12,119.67737579345703
2009-08-13,118.94827270507812
2009-08-14,120.74571990966797
2009-08-17,122.87142181396484
2009-08-18,122.0841064453125
2009-08-19,122.99749755859375
2009-08-20,121.78379821777344
2009-08-21,121.6409683227539
2009-08-24,120.66275787353516
2009-08-25,121.29290771484375
2009-08-26,122.05332946777344
2009-08-27,122.73087310791016
2009-08-28,121.93531036376953
2009-08-31,123.23231506347656
2009-09-01,123.2800064086914
2009-09-02,124.71992492675781
2009-09-03,124.16141510009766
2009-09-04,123.91374969482422
2009-09-07,122.94660186767578
2009-09-08,122.82575988769531
2009-09-09,122.55103302001953
2009-09-10,122.84528350830078
2009-09-11,124.03524780273438
2009-09-14,124.20604705810547
2009-09-15,123.41040802001953
2009-09-16,123.63796997070312
2009-09-17,122.33021545410156
2009-09-18,122.3780288696289
2009-09-21,121.42936706542969
2009-09-22,121.79684448242188
2009-09-23,121.76667785644531
2009-09-24,122.94583129882812
2009-09-25,124.34223175048828
2009-09-28,125.63414001464844
2009-09-29,125.7613754272461
2009-09-30,125.69551086425781
2009-10-01,125.95869445800781
2009-10-02,126.69657135009766
2009-10-05,125.55352020263672
2009-10-06,125.83218383789062
2009-10-07,126.15011596679688
2009-10-08,126.16439056396484
2009-10-09,125.20022583007812
2009-10-12,123.70992279052734
2009-10-13,123.67028045654297
2009-10-14,123.24103546142578
2009-10-15,122.30326843261719
2009-10-16,121.26134490966797
2009-10-19,121.1281967163086
2009-10-20,120.96885681152344
2009-10-21,120.49309539794922
2009-10-22,119.62088775634766
2009-10-23,118.91439056396484
2009-10-26,118.88426208496094
2009-10-27,119.85875701904297
2009-10-28,121.49364471435547
2009-10-29,121.30525207519531
2009-10-30,121.98033142089844
2009-11-02,123.14578247070312
2009-11-03,123.94400024414062
2009-11-04,122.08458709716797
2009-11-05,122.0276870727539
2009-11-06,121.8623275756836
2009-11-09,121.52285766601562
2009-11-10,121.85675811767578
2009-11-11,121.58238983154297
2009-11-12,122.41072082519531
2009-11-13,123.27647399902344
2009-11-16,123.08343505859375
2009-11-17,124.2197036743164
2009-11-18,123.79386901855469
2009-11-19,124.93795013427734
2009-11-20,124.88870239257812
2009-11-23,123.99903869628906
2009-11-24,124.62556457519531
2009-11-25,125.10181427001953
2009-11-26,126.59513092041016
2009-11-27,127.81475067138672
2009-11-30,127.38017272949219
2009-12-01,126.5415267944336
2009-12-02,125.89270782470703
2009-12-03,124.33422088623047
2009-12-04,124.12823486328125
2009-12-07,124.3871841430664
2009-12-08,126.72193908691406
2009-12-09,127.48626708984375
2009-12-10,127.17249298095703
2009-12-11,126.1683349609375
2009-12-14,127.3726577758789
2009-12-15,126.74176025390625
2009-12-16,126.65827941894531
2009-12-17,127.80218505859375
2009-12-18,127.60670471191406
2009-12-21,127.3054428100586
2009-12-22,126.46705627441406
2009-12-23,126.05928802490234
2009-12-24,125.30867767333984
2009-12-28,125.04976654052734
2009-12-29,124.60916137695312
2009-12-30,124.61556243896484
2009-12-31,123.89822387695312
2010-01-04,123.64436340332031
2010-01-05,124.50236511230469
2010-01-06,123.98556518554688
2010-01-07,123.39170837402344
2010-01-08,123.45133972167969
2010-01-11,122.94583129882812
2010-01-12,124.45531463623047
2010-01-13,124.1753921508789
2010-01-14,124.47201538085938
2010-01-15,126.14362335205078
2010-01-18,126.43180084228516
2010-01-19,126.97501373291016
2010-01-20,128.1016845703125
2010-01-21,127.95746612548828
2010-01-22,129.40162658691406
2010-01-25,129.18280029296875
2010-01-26,130.744873046875
2010-01-27,131.13140869140625
2010-01-28,130.78268432617188
2010-01-29,130.78155517578125
2010-02-01,131.0430145263672
2010-02-02,130.50894165039062
2010-02-03,130.12583923339844
2010-02-04,131.52008056640625
2010-02-05,134.4842529296875
2010-02-08,134.77542114257812
2010-02-09,133.67909240722656
2010-02-10,133.95681762695312
2010-02-11,134.1866455078125
2010-02-12,134.64242553710938
2010-02-15,134.47958374023438
2010-02-16,133.9085235595703
2010-02-17,132.3820343017578
2010-02-18,133.39340209960938
2010-02-19,132.62396240234375
2010-02-22,132.68429565429688
2010-02-23,133.9842071533203
2010-02-24,135.01797485351562
2010-02-25,136.7363739013672
2010-02-26,136.33737182617188
2010-03-01,136.6602783203125
2010-03-02,136.58126831054688
2010-03-03,136.1548614501953
2010-03-04,136.22686767578125
2010-03-05,135.22300720214844
2010-03-08,133.83099365234375
2010-03-09,135.4006805419922
2010-03-10,133.8572998046875
2010-03-11,133.2097930908203
2010-03-12,132.4772186279297
2010-03-15,132.89039611816406
2010-03-16,132.70997619628906
2010-03-17,132.66854858398438
2010-03-18,133.7528076171875
2010-03-19,134.32557678222656
2010-03-22,135.74708557128906
2010-03-23,135.03770446777344
2010-03-24,134.53842163085938
2010-03-25,133.53184509277344
2010-03-26,132.70826721191406
2010-03-29,131.8057098388672
2010-03-30,131.66317749023438
2010-03-31,130.45306396484375
2010-04-01,130.36016845703125
2010-04-05,129.9987335205078
2010-04-06,130.5035858154297
2010-04-07,131.4146270751953
2010-04-08,132.5225830078125
2010-04-09,130.98190307617188
2010-04-12,129.49977111816406
2010-04-13,130.15174865722656
2010-04-14,129.3084259033203
2010-04-15,130.5251007080078
2010-04-16,131.76406860351562
2010-04-19,133.18246459960938
2010-04-20,131.5754852294922
2010-04-21,132.22500610351562
2010-04-22,132.8685302734375
2010-04-23,131.64137268066406
2010-04-26,131.86058044433594
2010-04-27,132.44577026367188
2010-04-28,132.6689453125
2010-04-29,132.43064880371094
2010-04-30,131.76895141601562
2010-05-03,132.61279296875
2010-05-04,134.05215454101562
2010-05-05,135.7271728515625
2010-05-06,139.41729736328125
2010-05-07,141.0220947265625
2010-05-10,137.36830139160156
2010-05-11,140.6633758544922
2010-05-12,140.54322814941406
2010-05-13,141.01551818847656
2010-05-14,143.9978485107422
2010-05-17,145.26853942871094
2010-05-18,144.28201293945312
2010-05-19,147.58792114257812
2010-05-20,148.72341918945312
2010-05-21,147.9046630859375
2010-05-24,148.29693603515625
2010-05-25,151.77784729003906
2010-05-26,149.8759765625
2010-05-27,149.73634338378906
2010-05-28,147.53187561035156
2010-05-31,147.9336700439453
2010-06-01,149.53292846679688
2010-06-02,147.965087890625
2010-06-03,146.95814514160156
2010-06-04,149.61805725097656
2010-06-07,152.03965759277344
2010-06-08,152.52737426757812
2010-06-09,151.52096557617188
2010-06-10,151.5023193359375
2010-06-11,149.9464569091797
2010-06-14,148.03099060058594
2010-06-15,148.6763916015625
2010-06-16,148.26893615722656
2010-06-17,147.73773193359375
2010-06-18,148.44215393066406
2010-06-21,147.59075927734375
2010-06-22,150.29266357421875
2010-06-23,153.4434051513672
2010-06-24,155.4480743408203
2010-06-25,155.14517211914062
2010-06-28,155.0551300048828
2010-06-29,157.9353790283203
2010-06-30,157.46165466308594
2010-07-01,158.04115295410156
2010-07-02,155.62258911132812
2010-07-05,155.5117950439453
2010-07-06,154.71682739257812
2010-07-07,155.3575439453125
2010-07-08,152.81381225585938
2010-07-09,152.59326171875
2010-07-12,153.37191772460938
2010-07-13,153.59677124023438
2010-07-14,151.74986267089844
2010-07-15,151.62600708007812
2010-07-16,152.29696655273438
2010-07-19,152.05770874023438
2010-07-20,153.33087158203125
2010-07-21,153.40411376953125
2010-07-22,153.3430938720703
2010-07-23,152.5258331298828
2010-07-26,152.35581970214844
2010-07-27,150.73045349121094
2010-07-28,150.38291931152344
2010-07-29,150.8821258544922
2010-07-30,152.14761352539062
2010-08-02,151.4302215576172
2010-08-03,151.4822998046875
2010-08-04,152.33843994140625
2010-08-05,151.60243225097656
2010-08-06,151.8545379638672
2010-08-09,151.87539672851562
2010-08-10,152.64695739746094
2010-08-11,156.0372772216797
2010-08-12,157.08804321289062
2010-08-13,156.9709930419922
2010-08-16,157.55442810058594
2010-08-17,157.44313049316406
2010-08-18,157.4349365234375
2010-08-19,157.66592407226562
2010-08-20,159.32431030273438
2010-08-23,160.02516174316406
2010-08-24,162.6959686279297
2010-08-25,162.26913452148438
2010-08-26,160.87094116210938
2010-08-27,159.67752075195312
2010-08-30,160.08392333984375
2010-08-31,160.93409729003906
2010-09-01,159.41249084472656
2010-09-02,158.78981018066406
2010-09-03,157.86622619628906
2010-09-06,157.73577880859375
2010-09-07,160.16790771484375
2010-09-08,160.51290893554688
2010-09-09,160.42959594726562
2010-09-10,159.58334350585938
2010-09-13,158.56060791015625
2010-09-14,158.9408416748047
2010-09-15,154.4261932373047
2010-09-16,153.30972290039062
2010-09-17,153.0413055419922
2010-09-20,152.96690368652344
2010-09-21,153.1495361328125
2010-09-22,152.04641723632812
2010-09-23,152.7154083251953
2010-09-24,151.88185119628906
2010-09-27,151.586669921875
2010-09-28,152.04708862304688
2010-09-29,151.67295837402344
2010-09-30,151.5847625732422
2010-10-01,150.67723083496094
2010-10-04,151.00205993652344
2010-10-05,150.34022521972656
2010-10-06,150.3717498779297
2010-10-07,150.2505340576172
2010-10-08,151.0975799560547
2010-10-11,151.2255096435547
2010-10-12,152.19252014160156
2010-10-13,150.8162841796875
2010-10-14,150.55067443847656
2010-10-15,150.89585876464844
2010-10-18,152.29014587402344
2010-10-19,152.16815185546875
2010-10-20,152.5695343017578
2010-10-21,151.4256134033203
2010-10-22,151.93553161621094
2010-10-25,152.18386840820312
2010-10-26,152.27626037597656
2010-10-27,152.35043334960938
2010-10-28,152.82203674316406
2010-10-29,153.33615112304688
2010-11-01,153.24049377441406
2010-11-02,153.24049377441406
2010-11-03,152.60182189941406
2010-11-04,151.17291259765625
2010-11-05,152.0023193359375
2010-11-08,153.6916046142578
2010-11-09,154.0484619140625
2010-11-10,152.75425720214844
2010-11-11,153.4217071533203
2010-11-12,153.5652618408203
2010-11-15,152.54888916015625
2010-11-16,152.8675994873047
2010-11-17,153.3384246826172
2010-11-18,151.5153350830078
2010-11-19,151.37258911132812
2010-11-22,151.50802612304688
2010-11-23,153.5531463623047
2010-11-24,154.67820739746094
2010-11-25,154.6243896484375
2010-11-26,155.1659393310547
2010-11-29,155.81350708007812
2010-11-30,157.45352172851562
2010-12-01,155.78758239746094
2010-12-02,154.9602813720703
2010-12-03,155.42462158203125
2010-12-06,156.00352478027344
2010-12-07,154.97589111328125
2010-12-08,154.10841369628906
2010-12-09,154.22528076171875
2010-12-10,154.06715393066406
2010-12-13,153.2074737548828
2010-12-14,153.17782592773438
2010-12-15,153.08181762695312
2010-12-16,154.21533203125
2010-12-17,155.0153045654297
2010-12-20,156.19491577148438
2010-12-21,156.6089324951172
2010-12-22,157.47816467285156
2010-12-23,158.08407592773438
2010-12-24,158.30389404296875
2010-12-27,158.37799072265625
2010-12-28,159.26612854003906
2010-12-29,159.36734008789062
2010-12-30,159.17832946777344
2010-12-31,158.62835693359375
2011-01-03,158.3875732421875
2011-01-04,156.6213836669922
2011-01-05,158.17381286621094
2011-01-06,158.19935607910156
2011-01-07,159.25881958007812
2011-01-10,159.92843627929688
2011-01-11,159.03318786621094
2011-01-12,157.66197204589844
2011-01-13,156.0693817138672
2011-01-14,155.06614685058594
2011-01-17,155.40545654296875
2011-01-18,154.80020141601562
2011-01-19,154.1763916015625
2011-01-20,153.9596710205078
2011-01-21,152.82069396972656
2011-01-24,152.15518188476562
2011-01-25,152.5518798828125
2011-01-26,151.9311065673828
2011-01-27,151.25595092773438
2011-01-28,152.3494415283203
2011-01-31,152.42974853515625
2011-02-01,152.59066772460938
2011-02-02,152.8137969970703
2011-02-03,152.81591796875
2011-02-04,153.40943908691406
2011-02-07,153.00364685058594
2011-02-08,151.876708984375
2011-02-09,151.18165588378906
2011-02-10,151.2507781982422
2011-02-11,151.24620056152344
2011-02-14,151.68724060058594
2011-02-15,150.52000427246094
2011-02-16,150.59324645996094
2011-02-17,150.28976440429688
2011-02-18,150.07952880859375
2011-02-21,150.13430786132812
2011-02-22,150.41452026367188
2011-02-23,150.90272521972656
2011-02-24,152.06007385253906
2011-02-25,151.8890838623047
2011-02-28,151.06390380859375
2011-03-01,150.75729370117188
2011-03-02,150.85597229003906
2011-03-03,149.9977569580078
2011-03-04,147.9980010986328
2011-03-07,148.55755615234375
2011-03-08,148.88526916503906
2011-03-09,148.42344665527344
2011-03-10,149.08343505859375
2011-03-11,151.06765747070312
2011-03-14,150.38511657714844
2011-03-15,152.22225952148438
2011-03-16,152.7067108154297
2011-03-17,154.57054138183594
2011-03-18,149.4884796142578
2011-03-21,149.06085205078125
2011-03-22,148.8084259033203
2011-03-23,149.8521728515625
2011-03-24,149.8711700439453
2011-03-25,149.61343383789062
2011-03-28,149.10870361328125
2011-03-29,147.9776153564453
2011-03-30,146.38156127929688
2011-03-31,145.48802185058594
2011-04-01,144.07630920410156
2011-04-04,143.16529846191406
2011-04-05,142.79339599609375
2011-04-06,140.18931579589844
2011-04-07,140.25027465820312
2011-04-08,139.19998168945312
2011-04-11,139.82627868652344
2011-04-12,140.36288452148438
2011-04-13,140.51168823242188
2011-04-14,142.521484375
2011-04-15,142.8094940185547
2011-04-18,145.50157165527344
2011-04-19,145.0179901123047
2011-04-20,143.21607971191406
2011-04-21,143.8217010498047
2011-04-26,143.66697692871094
2011-04-27,142.25128173828125
2011-04-28,142.31689453125
2011-04-29,142.60394287109375
2011-05-02,142.4679718017578
2011-05-03,143.74871826171875
2011-05-04,143.3372039794922
2011-05-05,146.19189453125
2011-05-06,148.1488037109375
2011-05-09,148.93112182617188
2011-05-10,149.13284301757812
2011-05-11,148.8736114501953
2011-05-12,150.86090087890625
2011-05-13,150.25726318359375
2011-05-16,150.62246704101562
2011-05-17,149.24632263183594
2011-05-18,149.0541229248047
2011-05-19,147.94989013671875
2011-05-20,149.19677734375
2011-05-23,150.46067810058594
2011-05-24,149.50595092773438
2011-05-25,149.88818359375
2011-05-26,149.5858917236328
2011-05-27,149.681884765625
2011-05-30,149.67478942871094
2011-05-31,147.56552124023438
2011-06-01,147.68458557128906
2011-06-03,147.89138793945312
2011-06-06,147.64683532714844
2011-06-07,147.0189208984375
2011-06-08,148.28773498535156
2011-06-09,148.60984802246094
2011-06-10,149.34437561035156
2011-06-14,148.94349670410156
2011-06-15,149.86572265625
2011-06-16,151.98031616210938
2011-06-17,150.9534149169922
2011-06-20,151.17999267578125
2011-06-21,150.22201538085938
2011-06-22,150.45477294921875
2011-06-24,151.81373596191406
2011-06-27,150.68997192382812
2011-06-28,150.0347900390625
2011-06-29,148.41973876953125
2011-06-30,148.47662353515625
2011-07-01,147.9334259033203
2011-07-04,147.59779357910156
2011-07-05,147.59458923339844
2011-07-06,148.82867431640625
2011-07-07,148.90272521972656
2011-07-08,149.78964233398438
2011-07-11,153.53306579589844
2011-07-12,155.7167510986328
2011-07-13,155.15603637695312
2011-07-14,154.9346923828125
2011-07-15,155.34323120117188
2011-07-18,156.20501708984375
2011-07-19,155.318115234375
2011-07-20,154.92276000976562
2011-07-21,154.3629150390625
2011-07-22,153.95394897460938
2011-07-25,154.27972412109375
2011-07-26,153.63967895507812
2011-07-27,154.71868896484375
2011-07-28,156.49185180664062
2011-07-29,157.19964599609375
2011-08-01,157.91937255859375
2011-08-02,158.759033203125
2011-08-03,158.19888305664062
2011-08-04,155.0153045654297
2011-08-05,157.0337371826172
2011-08-08,157.8515167236328
2011-08-09,158.3008270263672
2011-08-10,159.16517639160156
2011-08-11,159.92369079589844
2011-08-12,158.8308563232422
2011-08-16,157.66465759277344
2011-08-17,157.4299774169922
2011-08-18,158.7090301513672
2011-08-19,158.64268493652344
2011-08-22,157.9686737060547
2011-08-23,157.74050903320312
2011-08-24,157.5701446533203
2011-08-25,156.5585174560547
2011-08-26,157.36029052734375
2011-08-29,156.45115661621094
2011-08-30,157.45260620117188
2011-08-31,157.77005004882812
2011-09-01,158.2720489501953
2011-09-02,159.22772216796875
2011-09-05,160.7275848388672
2011-09-06,160.6580810546875
2011-09-07,161.004150390625
2011-09-08,161.28851318359375
2011-09-09,163.3409423828125
2011-09-12,166.1689453125
2011-09-13,166.3402557373047
2011-09-14,165.9524383544922
2011-09-15,165.13421630859375
2011-09-16,165.60079956054688
2011-09-19,167.3521270751953
2011-09-20,166.84613037109375
2011-09-21,168.06480407714844
2011-09-22,170.62356567382812
2011-09-23,170.705322265625
2011-09-26,169.7967071533203
2011-09-27,168.0556182861328
2011-09-28,167.74072265625
2011-09-29,167.2780303955078
2011-09-30,168.8528289794922
2011-10-03,171.0930633544922
2011-10-04,172.38015747070312
2011-10-05,170.9684295654297
2011-10-06,170.94407653808594
2011-10-07,169.2384033203125
2011-10-10,167.47952270507812
2011-10-11,167.1182403564453
2011-10-12,164.85617065429688
2011-10-13,165.2987823486328
2011-10-14,163.76531982421875
2011-10-17,164.62503051757812
2011-10-18,166.00975036621094
2011-10-19,164.5298309326172
2011-10-20,164.9602813720703
2011-10-21,164.9560546875
2011-10-24,165.27682495117188
2011-10-25,165.12864685058594
2011-10-26,165.43038940429688
2011-10-27,163.50064086914062
2011-10-28,162.16510009765625
2011-10-31,160.42337036132812
2011-11-02,162.26431274414062
2011-11-03,162.85488891601562
2011-11-04,162.6106719970703
2011-11-07,162.9310302734375
2011-11-08,163.06805419921875
2011-11-09,165.3187713623047
2011-11-10,165.83233642578125
2011-11-11,165.7735595703125
2011-11-14,166.63851928710938
2011-11-15,168.0306396484375
2011-11-16,168.40643310546875
2011-11-17,168.43800354003906
2011-11-18,168.3861083984375
2011-11-21,169.0510711669922
2011-11-22,168.1963653564453
2011-11-23,169.30844116210938
2011-11-24,169.75096130371094
2011-11-25,169.1834259033203
2011-11-28,167.1769561767578
2011-11-29,167.26370239257812
2011-11-30,166.65304565429688
2011-12-01,165.918701171875
2011-12-02,165.72776794433594
2011-12-05,166.31735229492188
2011-12-06,167.35986328125
2011-12-07,167.61102294921875
2011-12-08,168.3975372314453
2011-12-09,169.25254821777344
2011-12-12,171.19000244140625
2011-12-13,172.4159393310547
2011-12-14,174.01405334472656
2011-12-15,174.08009338378906
2011-12-16,173.69557189941406
2011-12-19,173.88125610351562
2011-12-20,173.3931121826172
2011-12-21,173.67062377929688
2011-12-22,173.30923461914062
2011-12-23,173.47596740722656
2011-12-27,174.02334594726562
2011-12-28,174.659423828125
2011-12-29,176.38055419921875
2011-12-30,176.9637908935547
2012-01-02,177.76577758789062
2012-01-03,177.51251220703125
2012-01-04,178.529296875
2012-01-05,179.7025604248047
2012-01-06,180.22189331054688
2012-01-09,180.9687957763672
2012-01-10,180.4363555908203
2012-01-11,181.1968536376953
2012-01-12,180.99143981933594
2012-01-13,181.4025421142578
2012-01-16,182.3847198486328
2012-01-17,180.6850128173828
2012-01-18,179.7978973388672
2012-01-19,178.4473876953125
2012-01-20,177.6508331298828
2012-01-23,176.3772735595703
2012-01-24,175.2125701904297
2012-01-25,174.74160766601562
2012-01-26,174.116943359375
2012-01-27,175.67369079589844
2012-01-30,176.760986328125
2012-01-31,176.70541381835938
2012-02-01,176.77102661132812
2012-02-02,177.50271606445312
2012-02-03,176.82069396972656
2012-02-06,176.89617919921875
2012-02-07,174.9990234375
2012-02-08,173.40753173828125
2012-02-09,172.4374237060547
2012-02-10,173.0128936767578
2012-02-13,172.61048889160156
2012-02-14,172.32093811035156
2012-02-15,172.8278350830078
2012-02-16,172.7359161376953
2012-02-17,169.83602905273438
2012-02-20,168.30911254882812
2012-02-21,167.86546325683594
2012-02-22,166.6707305908203
2012-02-23,165.70077514648438
2012-02-24,163.74249267578125
2012-02-27,164.34121704101562
2012-02-28,163.78163146972656
2012-02-29,164.1173553466797
2012-03-01,164.33206176757812
2012-03-02,164.596923828125
2012-03-05,164.99652099609375
2012-03-06,166.8260040283203
2012-03-07,167.05691528320312
2012-03-08,164.0204620361328
2012-03-09,164.19139099121094
2012-03-12,164.35121154785156
2012-03-13,163.90499877929688
2012-03-14,162.28671264648438
2012-03-15,162.14602661132812
2012-03-16,160.90536499023438
2012-03-19,160.80152893066406
2012-03-20,160.1636199951172
2012-03-21,160.18792724609375
2012-03-22,162.19288635253906
2012-03-23,162.1107635498047
2012-03-26,160.9302215576172
2012-03-27,160.22308349609375
2012-03-28,160.68292236328125
2012-03-29,162.31654357910156
2012-03-30,161.92445373535156
2012-04-02,161.6185302734375
2012-04-03,161.80250549316406
2012-04-04,163.6039276123047
2012-04-05,165.51150512695312
2012-04-10,167.30795288085938
2012-04-11,167.2858123779297
2012-04-12,166.88058471679688
2012-04-13,167.5301971435547
2012-04-16,169.03994750976562
2012-04-17,167.61685180664062
2012-04-18,166.634521484375
2012-04-19,166.07472229003906
2012-04-20,165.17385864257812
2012-04-23,167.1032257080078
2012-04-24,166.2344207763672
2012-04-25,165.89149475097656
2012-04-26,166.5888671875
2012-04-27,167.17739868164062
2012-04-30,168.36801147460938
2012-05-02,169.14869689941406
2012-05-03,168.98867797851562
2012-05-04,169.78598022460938
2012-05-07,171.45578002929688
2012-05-08,172.10565185546875
2012-05-09,173.4998016357422
2012-05-10,172.67422485351562
2012-05-11,172.92076110839844
2012-05-14,174.27735900878906
2012-05-15,174.37069702148438
2012-05-16,175.39480590820312
2012-05-18,177.54811096191406
2012-05-21,176.614501953125
2012-05-22,175.65313720703125
2012-05-23,178.29373168945312
2012-05-24,178.9238739013672
2012-05-25,178.80984497070312
2012-05-29,179.7347412109375
2012-05-30,182.4682159423828
2012-05-31,184.09889221191406
2012-06-01,185.56788635253906
2012-06-04,183.60089111328125
2012-06-05,182.77706909179688
2012-06-06,180.55914306640625
2012-06-07,178.6656036376953
2012-06-08,180.45335388183594
2012-06-11,179.70108032226562
2012-06-12,180.08212280273438
2012-06-13,178.91412353515625
2012-06-14,179.20069885253906
2012-06-15,179.95948791503906
2012-06-18,179.57325744628906
2012-06-19,179.14781188964844
2012-06-20,177.89195251464844
2012-06-21,176.5327606201172
2012-06-22,177.7278594970703
2012-06-25,179.83799743652344
2012-06-26,180.57606506347656
2012-06-27,180.1776580810547
2012-06-28,181.07907104492188
2012-06-29,177.8704071044922
2012-07-02,178.52696228027344
2012-07-03,178.38063049316406
2012-07-04,179.07888793945312
2012-07-05,180.96714782714844
2012-07-06,182.12692260742188
2012-07-09,183.33056640625
2012-07-10,183.90675354003906
2012-07-11,184.6250457763672
2012-07-12,185.9156951904297
2012-07-13,185.8059844970703
2012-07-16,186.5987091064453
2012-07-17,185.68821716308594
2012-07-18,186.24305725097656
2012-07-19,186.92095947265625
2012-07-20,188.2466583251953
2012-07-23,190.0984344482422
2012-07-24,190.3452911376953
2012-07-25,189.5234375
2012-07-26,187.38748168945312
2012-07-27,186.24575805664062
2012-07-30,187.45127868652344
2012-07-31,186.77980041503906
2012-08-01,186.92132568359375
2012-08-02,187.0153350830078
2012-08-03,186.92417907714844
2012-08-06,185.47103881835938
2012-08-07,184.25550842285156
2012-08-08,185.4667205810547
2012-08-09,185.70716857910156
2012-08-10,186.4916534423828
2012-08-13,185.6797332763672
2012-08-14,185.6797332763672
2012-08-16,183.8697509765625
2012-08-17,183.8697509765625
2012-08-20,183.8697509765625
2012-08-21,183.8697509765625
2012-08-22,184.2027130126953
2012-08-23,184.2027130126953
2012-08-24,184.2027130126953
2012-08-27,184.2027130126953
2012-08-28,184.2027130126953
2012-08-29,184.3667755126953
2012-08-30,184.3667755126953
2012-08-31,184.3667755126953
2012-09-03,184.3667755126953
2012-09-04,184.150390625
2012-09-05,183.8289337158203
2012-09-06,182.23178100585938
2012-09-07,181.1682586669922
2012-09-10,181.51319885253906
2012-09-11,181.83187866210938
2012-09-12,180.7907257080078
2012-09-13,180.6166534423828
2012-09-14,176.75340270996094
2012-09-17,176.18011474609375
2012-09-18,176.6053924560547
2012-09-19,177.1566925048828
2012-09-20,179.0169677734375
2012-09-21,178.78160095214844
2012-09-24,180.23802185058594
2012-09-25,180.37074279785156
2012-09-26,182.00003051757812
2012-09-27,181.7618865966797
2012-09-28,181.26588439941406
2012-10-01,180.75390625
2012-10-02,179.99513244628906
2012-10-03,179.4731903076172
2012-10-04,178.1146697998047
2012-10-05,177.6212158203125
2012-10-08,179.15753173828125
2012-10-09,179.61920166015625
2012-10-10,179.7733917236328
2012-10-11,179.21798706054688
2012-10-12,178.68896484375
2012-10-15,178.05120849609375
2012-10-16,176.567626953125
2012-10-17,175.754638671875
2012-10-18,174.5804443359375
2012-10-19,175.37643432617188
2012-10-22,174.13233947753906
2012-10-23,174.93740844726562
2012-10-24,175.3235321044922
2012-10-25,174.51931762695312
2012-10-26,176.24755859375
2012-10-29,176.46107482910156
2012-10-30,176.0321044921875
2012-10-31,174.97430419921875
2012-11-02,175.42153930664062
2012-11-05,176.9468994140625
2012-11-06,176.93385314941406
2012-11-07,178.1368865966797
2012-11-08,178.9024200439453
2012-11-09,180.66741943359375
2012-11-12,180.0133819580078
2012-11-13,179.94735717773438
2012-11-14,177.8292694091797
2012-11-15,175.33792114257812
2012-11-16,175.7163543701172
2012-11-19,175.07566833496094
2012-11-20,173.77664184570312
2012-11-21,172.00775146484375
2012-11-22,170.9484405517578
2012-11-23,170.97134399414062
2012-11-26,170.9322509765625
2012-11-27,171.2256317138672
2012-11-28,172.4359130859375
2012-11-29,170.63136291503906
2012-11-30,169.66246032714844
2012-12-03,169.55845642089844
2012-12-04,169.87913513183594
2012-12-05,169.96917724609375
2012-12-06,170.15548706054688
2012-12-07,171.72889709472656
2012-12-10,171.60342407226562
2012-12-11,170.2936553955078
2012-12-12,168.41175842285156
2012-12-13,166.59027099609375
2012-12-14,166.08535766601562
2012-12-17,164.6722869873047
2012-12-18,163.89544677734375
2012-12-19,162.07467651367188
2012-12-20,162.9759979248047
2012-12-21,163.89039611816406
2012-12-24,162.3262176513672
2012-12-27,159.7118377685547
2012-12-28,159.87741088867188
2012-12-31,159.55130004882812
2013-01-02,157.6833038330078
2013-01-03,159.31175231933594
2013-01-04,157.82432556152344
2013-01-07,158.27178955078125
2013-01-08,158.6684112548828
2013-01-09,158.28372192382812
2013-01-10,156.04074096679688
2013-01-11,153.17608642578125
2013-01-14,152.6239776611328
2013-01-15,154.21263122558594
2013-01-16,155.1793670654297
2013-01-17,152.6191864013672
2013-01-18,152.21011352539062
2013-01-21,152.88772583007812
2013-01-22,154.65280151367188
2013-01-23,154.47296142578125
2013-01-24,151.74720764160156
2013-01-25,148.8280792236328
2013-01-28,149.2418975830078
2013-01-29,149.36965942382812
2013-01-30,147.4364013671875
2013-01-31,147.17698669433594
2013-02-01,144.2633514404297
2013-02-04,144.67929077148438
2013-02-05,144.0525360107422
2013-02-06,144.07083129882812
2013-02-07,144.63990783691406
2013-02-08,147.00088500976562
2013-02-11,145.6531982421875
2013-02-12,144.65606689453125
2013-02-13,145.0703887939453
2013-02-14,146.60922241210938
2013-02-15,146.51670837402344
2013-02-18,145.7030792236328
2013-02-19,146.1807098388672
2013-02-20,146.048583984375
2013-02-21,148.67758178710938
2013-02-22,148.6381072998047
2013-02-25,147.31854248046875
2013-02-26,152.5843963623047
2013-02-27,152.73947143554688
2013-02-28,151.88990783691406
2013-03-01,152.27183532714844
2013-03-04,151.56121826171875
2013-03-05,151.36328125
2013-03-06,150.7244415283203
2013-03-07,149.0843048095703
2013-03-08,146.7627716064453
2013-03-11,147.0397186279297
2013-03-12,147.09454345703125
2013-03-13,147.82638549804688
2013-03-14,147.6050567626953
2013-03-15,147.56942749023438
2013-03-18,150.13929748535156
2013-03-19,149.8678436279297
2013-03-20,149.35482788085938
2013-03-21,150.44569396972656
2013-03-22,150.9142608642578
2013-03-25,151.7974090576172
2013-03-26,153.04417419433594
2013-03-27,154.0989227294922
2013-03-28,153.8758544921875
2013-03-29,153.81556701660156
2013-04-01,153.8157196044922
2013-04-02,153.93104553222656
2013-04-03,154.3577117919922
2013-04-04,150.96971130371094
2013-04-05,147.97344970703125
2013-04-08,143.96080017089844
2013-04-09,142.82241821289062
2013-04-10,141.6876678466797
2013-04-11,140.85206604003906
2013-04-12,141.45452880859375
2013-04-15,143.05303955078125
2013-04-16,142.7811737060547
2013-04-17,142.98876953125
2013-04-18,142.876708984375
2013-04-19,141.27239990234375
2013-04-22,141.57388305664062
2013-04-23,142.54872131347656
2013-04-24,141.98489379882812
2013-04-25,141.9422607421875
2013-04-26,143.59500122070312
2013-04-29,142.97930908203125
2013-04-30,143.69129943847656
2013-05-01,143.73553466796875
2013-05-02,143.67153930664062
2013-05-03,143.36154174804688
2013-05-06,142.18453979492188
2013-05-07,142.1227264404297
2013-05-08,142.01327514648438
2013-05-09,141.9516143798828
2013-05-10,141.26348876953125
2013-05-13,140.5384979248047
2013-05-14,140.15179443359375
2013-05-15,140.3840789794922
2013-05-16,140.4967041015625
2013-05-17,140.40969848632812
2013-05-20,140.36509704589844
2013-05-21,140.2307891845703
2013-05-22,139.59535217285156
2013-05-23,141.89976501464844
2013-05-24,142.0140838623047
2013-05-27,142.12901306152344
2013-05-28,140.731689453125
2013-05-29,141.743408203125
2013-05-30,141.3063201904297
2013-05-31,143.06988525390625
2013-06-03,143.24240112304688
2013-06-04,142.13336181640625
2013-06-05,143.41607666015625
2013-06-06,143.80044555664062
2013-06-07,146.0921173095703
2013-06-10,142.91091918945312
2013-06-11,144.76478576660156
2013-06-12,145.55496215820312
2013-06-13,148.62461853027344
2013-06-14,147.58352661132812
2013-06-17,147.34490966796875
2013-06-18,146.04495239257812
2013-06-19,146.006591796875
2013-06-20,143.84580993652344
2013-06-21,144.57449340820312
2013-06-24,144.84942626953125
2013-06-25,145.6202850341797
2013-06-26,146.41488647460938
2013-06-27,145.45907592773438
2013-06-28,143.7835693359375
2013-07-01,142.7705841064453
2013-07-02,142.53732299804688
2013-07-03,144.0726776123047
2013-07-04,143.70335388183594
2013-07-05,143.77500915527344
2013-07-08,142.94789123535156
2013-07-09,143.5088653564453
2013-07-10,144.942138671875
2013-07-11,144.15835571289062
2013-07-12,143.66781616210938
2013-07-15,142.8351287841797
2013-07-16,143.02806091308594
2013-07-17,142.4348907470703
2013-07-18,141.9891815185547
2013-07-19,141.78269958496094
2013-07-22,142.20046997070312
2013-07-23,141.62086486816406
2013-07-24,140.88201904296875
2013-07-25,141.75660705566406
2013-07-26,143.1436004638672
2013-07-29,143.7850799560547
2013-07-30,143.68238830566406
2013-07-31,143.32440185546875
2013-08-01,142.53807067871094
2013-08-02,142.11390686035156
2013-08-05,143.13986206054688
2013-08-06,143.79747009277344
2013-08-07,145.1356658935547
2013-08-08,145.64356994628906
2013-08-09,145.46592712402344
2013-08-12,145.7233123779297
2013-08-13,143.97076416015625
2013-08-14,143.956787109375
2013-08-15,143.9483184814453
2013-08-16,143.940673828125
2013-08-19,143.36407470703125
2013-08-20,143.85621643066406
2013-08-21,143.4771270751953
2013-08-22,142.3575439453125
2013-08-23,141.6570281982422
2013-08-26,142.35110473632812
2013-08-27,144.2351531982422
2013-08-28,144.36166381835938
2013-08-29,144.37811279296875
2013-08-30,144.6530303955078
2013-09-02,143.1116485595703
2013-09-03,142.94964599609375
2013-09-04,142.8741455078125
2013-09-05,142.59083557128906
2013-09-06,143.56735229492188
2013-09-09,142.6040802001953
2013-09-10,141.29150390625
2013-09-11,141.4086151123047
2013-09-12,142.33888244628906
2013-09-13,142.28555297851562
2013-09-16,142.40623474121094
2013-09-17,142.01109313964844
2013-09-18,142.39308166503906
2013-09-19,140.3221435546875
2013-09-20,140.1922607421875
2013-09-23,141.44464111328125
2013-09-24,141.97564697265625
2013-09-25,141.7272186279297
2013-09-26,141.5171661376953
2013-09-27,141.78973388671875
2013-09-30,142.8537139892578
2013-10-01,142.64971923828125
2013-10-02,143.56082153320312
2013-10-03,142.8734130859375
2013-10-04,143.518798828125
2013-10-07,143.929931640625
2013-10-08,143.57579040527344
2013-10-09,143.87435913085938
2013-10-10,142.66314697265625
2013-10-11,141.95045471191406
2013-10-14,142.06800842285156
2013-10-15,142.18783569335938
2013-10-16,141.95556640625
2013-10-17,141.82728576660156
2013-10-18,141.77911376953125
2013-10-21,141.29153442382812
2013-10-22,140.84388732910156
2013-10-23,141.74212646484375
2013-10-24,141.33169555664062
2013-10-25,141.34645080566406
2013-10-28,140.83523559570312
2013-10-29,140.56124877929688
2013-10-30,140.6996612548828
2013-10-31,141.74740600585938
2013-11-01,141.84417724609375
2013-11-04,141.81051635742188
2013-11-05,142.26412963867188
2013-11-06,141.62924194335938
2013-11-07,142.97084045410156
2013-11-08,143.34983825683594
2013-11-11,142.24893188476562
2013-11-12,141.3399200439453
2013-11-13,141.73727416992188
2013-11-14,140.6255645751953
2013-11-15,139.7467498779297
2013-11-18,139.54026794433594
2013-11-19,139.72657775878906
2013-11-20,139.9012908935547
2013-11-21,138.79672241210938
2013-11-22,137.92994689941406
2013-11-25,137.223876953125
2013-11-26,137.37322998046875
2013-11-27,136.5132598876953
2013-11-28,136.03289794921875
2013-11-29,135.71383666992188
2013-12-02,135.6019287109375
2013-12-03,135.58558654785156
2013-12-04,135.61798095703125
2013-12-05,135.7202606201172
2013-12-06,134.5426483154297
2013-12-09,133.43161010742188
2013-12-10,133.3132781982422
2013-12-11,133.4590606689453
2013-12-12,133.16404724121094
2013-12-13,132.83010864257812
2013-12-16,132.88858032226562
2013-12-17,133.3413543701172
2013-12-18,133.0771484375
2013-12-19,132.4269256591797
2013-12-20,132.36752319335938
2013-12-23,132.4131317138672
2013-12-24,132.3349609375
2013-12-26,132.14588928222656
2013-12-27,131.7803955078125
2013-12-30,131.39703369140625
2013-12-31,131.71627807617188
2014-01-02,132.77220153808594
2014-01-03,133.8646240234375
2014-01-06,133.95323181152344
2014-01-07,134.10960388183594
2014-01-08,134.11111450195312
2014-01-09,133.96923828125
2014-01-10,134.19744873046875
2014-01-13,135.29115295410156
2014-01-14,135.16220092773438
2014-01-15,134.87315368652344
2014-01-16,134.7673797607422
2014-01-17,135.0953369140625
2014-01-20,135.5670166015625
2014-01-21,135.14016723632812
2014-01-22,135.11997985839844
2014-01-23,135.1396026611328
2014-01-24,136.98741149902344
2014-01-27,136.7767333984375
2014-01-28,136.54930114746094
2014-01-29,137.3455810546875
2014-01-30,137.9470977783203
2014-01-31,139.31329345703125
2014-02-03,139.8191375732422
2014-02-04,140.2556610107422
2014-02-05,140.36827087402344
2014-02-06,139.4844207763672
2014-02-07,138.1139678955078
2014-02-10,137.76461791992188
2014-02-11,137.15457153320312
2014-02-12,137.89234924316406
2014-02-13,137.6599578857422
2014-02-14,137.79327392578125
2014-02-17,137.48880004882812
2014-02-18,136.455078125
2014-02-19,136.78482055664062
2014-02-20,137.01377868652344
2014-02-21,136.35043334960938
2014-02-24,136.5207061767578
2014-02-25,136.80587768554688
2014-02-26,137.08477783203125
2014-02-27,137.67791748046875
2014-02-28,136.58924865722656
2014-03-03,137.71792602539062
2014-03-04,137.07806396484375
2014-03-05,136.43911743164062
2014-03-06,135.25796508789062
2014-03-07,134.06051635742188
2014-03-10,133.88186645507812
2014-03-11,134.0814971923828
2014-03-12,134.3509521484375
2014-03-13,134.23992919921875
2014-03-14,135.97621154785156
2014-03-17,135.52239990234375
2014-03-18,135.8695068359375
2014-03-19,135.79075622558594
2014-03-20,136.19175720214844
2014-03-21,136.10227966308594
2014-03-24,136.1248016357422
2014-03-25,135.9812774658203
2014-03-26,135.89218139648438
2014-03-27,136.30624389648438
2014-03-28,135.71702575683594
2014-03-31,134.69142150878906
2014-04-01,134.4967803955078
2014-04-02,134.24063110351562
2014-04-03,134.2410430908203
2014-04-04,134.91639709472656
2014-04-07,135.53005981445312
2014-04-08,136.12684631347656
2014-04-09,136.2097625732422
2014-04-10,136.0503692626953
2014-04-11,136.1685028076172
2014-04-14,136.27613830566406
2014-04-15,136.41966247558594
2014-04-16,135.67095947265625
2014-04-17,135.62115478515625
2014-04-21,135.5511932373047
2014-04-22,135.5510711669922
2014-04-23,135.60748291015625
2014-04-24,135.65606689453125
2014-04-25,135.87771606445312
2014-04-28,135.20809936523438
2014-04-29,135.26846313476562
2014-04-30,135.2203826904297
2014-05-01,135.20114135742188
2014-05-02,135.2142791748047
2014-05-05,135.50030517578125
2014-05-06,135.40916442871094
2014-05-07,135.5751953125
2014-05-08,135.80209350585938
2014-05-09,136.97413635253906
2014-05-12,136.6230926513672
2014-05-13,136.823974609375
2014-05-14,137.41029357910156
2014-05-15,137.845703125
2014-05-16,138.15872192382812
2014-05-19,138.32485961914062
2014-05-20,138.28118896484375
2014-05-21,138.668701171875
2014-05-22,138.18063354492188
2014-05-23,138.22491455078125
2014-05-26,138.10072326660156
2014-05-27,138.1544952392578
2014-05-28,138.50692749023438
2014-05-29,138.65187072753906
2014-05-30,138.55531311035156
2014-06-02,138.08010864257812
2014-06-03,137.51377868652344
2014-06-04,137.3031768798828
2014-06-05,137.5988311767578
2014-06-06,137.38607788085938
2014-06-09,137.42416381835938
2014-06-10,137.53866577148438
2014-06-11,138.00791931152344
2014-06-12,138.0717010498047
2014-06-13,138.0254669189453
2014-06-16,138.13436889648438
2014-06-17,137.8365936279297
2014-06-18,137.54226684570312
2014-06-19,137.34544372558594
2014-06-20,137.48367309570312
2014-06-23,137.54547119140625
2014-06-24,137.4933624267578
2014-06-25,137.6978759765625
2014-06-26,138.2255401611328
2014-06-27,138.35440063476562
2014-06-30,137.9379119873047
2014-07-01,137.62506103515625
2014-07-02,137.7279815673828
2014-07-03,137.4617462158203
2014-07-04,137.77708435058594
2014-07-07,137.9585418701172
2014-07-08,138.21524047851562
2014-07-09,138.08465576171875
2014-07-10,138.71539306640625
2014-07-11,138.76292419433594
2014-07-14,138.25222778320312
2014-07-15,138.48158264160156
2014-07-16,138.91421508789062
2014-07-17,139.41526794433594
2014-07-18,139.60150146484375
2014-07-21,139.6544189453125
2014-07-22,139.77239990234375
2014-07-23,139.999267578125
2014-07-24,139.70907592773438
2014-07-25,139.79537963867188
2014-07-28,139.93463134765625
2014-07-29,139.63868713378906
2014-07-30,139.3544921875
2014-07-31,138.97886657714844
2014-08-01,138.8170623779297
2014-08-04,138.99261474609375
2014-08-05,139.24777221679688
2014-08-06,140.03802490234375
2014-08-07,140.0204620361328
2014-08-08,140.20468139648438
2014-08-11,139.9980010986328
2014-08-12,140.19183349609375
2014-08-13,139.79403686523438
2014-08-14,139.77146911621094
2014-08-15,139.77972412109375
2014-08-18,139.7762451171875
2014-08-19,139.8456573486328
2014-08-20,139.46929931640625
2014-08-21,138.9054718017578
2014-08-22,139.1232452392578
2014-08-25,139.67938232421875
2014-08-26,139.69065856933594
2014-08-27,139.9484100341797
2014-08-28,140.30404663085938
2014-08-29,139.979736328125
2014-09-01,139.9195556640625
2014-09-02,139.08168029785156
2014-09-03,138.98594665527344
2014-09-04,140.26809692382812
2014-09-05,140.64505004882812
2014-09-08,140.37734985351562
2014-09-09,139.6995086669922
2014-09-10,138.74383544921875
2014-09-11,138.0975341796875
2014-09-12,137.6126251220703
2014-09-15,137.78079223632812
2014-09-16,137.64340209960938
2014-09-17,137.2777862548828
2014-09-18,136.2725067138672
2014-09-19,136.63282775878906
2014-09-22,136.72628784179688
2014-09-23,136.78097534179688
2014-09-24,137.44456481933594
2014-09-25,138.10092163085938
2014-09-26,138.12623596191406
2014-09-29,138.0654754638672
2014-09-30,138.6255645751953
2014-10-01,138.6727294921875
2014-10-02,139.50027465820312
2014-10-03,139.52952575683594
2014-10-06,139.7039337158203
2014-10-07,140.06695556640625
2014-10-08,139.8751220703125
2014-10-09,139.92877197265625
2014-10-10,140.595703125
2014-10-13,140.7769012451172
2014-10-14,141.33177185058594
2014-10-15,141.32302856445312
2014-10-16,141.5767364501953
2014-10-17,140.59140014648438
2014-10-20,140.26136779785156
2014-10-21,140.89239501953125
2014-10-22,141.02378845214844
2014-10-23,140.28118896484375
2014-10-24,140.14923095703125
2014-10-27,140.04588317871094
2014-10-28,139.38389587402344
2014-10-29,139.109619140625
2014-10-30,139.24551391601562
2014-10-31,136.61868286132812
2014-11-03,135.04656982421875
2014-11-04,135.73175048828125
2014-11-05,134.63352966308594
2014-11-06,134.60443115234375
2014-11-07,134.7247772216797
2014-11-10,134.96788024902344
2014-11-11,133.6597442626953
2014-11-12,133.4665985107422
2014-11-13,133.2314910888672
2014-11-14,132.6700897216797
2014-11-17,132.61294555664062
2014-11-18,131.5083770751953
2014-11-19,130.58871459960938
2014-11-20,130.33377075195312
2014-11-21,131.8297119140625
2014-11-24,131.11207580566406
2014-11-25,131.3863067626953
2014-11-26,131.35882568359375
2014-11-27,131.6083221435547
2014-11-28,130.8828125
2014-12-01,131.09564208984375
2014-12-02,130.89065551757812
2014-12-03,131.33868408203125
2014-12-04,130.49578857421875
2014-12-05,129.77000427246094
2014-12-08,130.22889709472656
2014-12-09,130.99288940429688
2014-12-10,131.5327606201172
2014-12-11,131.4531707763672
2014-12-12,131.47555541992188
2014-12-15,131.8031768798828
2014-12-16,133.0438690185547
2014-12-17,133.478271484375
2014-12-18,133.3771209716797
2014-12-19,132.9831085205078
2014-12-22,132.6400146484375
2014-12-23,132.72203063964844
2014-12-24,132.71141052246094
2014-12-26,132.78611755371094
2014-12-29,133.06735229492188
2014-12-30,134.5076141357422
2014-12-31,134.6810302734375
2015-01-02,135.0155792236328
2015-01-05,136.97396850585938
2015-01-06,138.7012939453125
2015-01-07,139.21035766601562
2015-01-08,139.49285888671875
2015-01-09,139.67759704589844
2015-01-12,140.04214477539062
2015-01-13,141.10287475585938
2015-01-14,143.2938690185547
2015-01-15,144.90185546875
2015-01-16,145.70755004882812
2015-01-19,144.6029510498047
2015-01-20,143.94676208496094
2015-01-21,144.59661865234375
2015-01-22,144.15553283691406
2015-01-23,147.78433227539062
2015-01-26,146.70718383789062
2015-01-27,146.3458709716797
2015-01-28,146.0447235107422
2015-01-29,146.199951171875
2015-01-30,147.04595947265625
2015-02-02,146.65728759765625
2015-02-03,145.1468048095703
2015-02-04,144.28750610351562
2015-02-05,144.75421142578125
2015-02-06,144.52117919921875
2015-02-09,144.6724853515625
2015-02-10,143.37115478515625
2015-02-11,142.62539672851562
2015-02-12,142.79525756835938
2015-02-13,142.57276916503906
2015-02-16,142.3604736328125
2015-02-17,142.46168518066406
2015-02-18,142.4810028076172
2015-02-19,142.79476928710938
2015-02-20,143.84300231933594
2015-02-23,143.63531494140625
2015-02-24,143.24806213378906
2015-02-25,144.0235137939453
2015-02-26,144.60433959960938
2015-02-27,144.75376892089844
2015-03-02,144.26194763183594
2015-03-03,144.69821166992188
2015-03-04,145.47921752929688
2015-03-05,145.8145294189453
2015-03-06,147.33343505859375
2015-03-09,147.0901336669922
2015-03-10,148.18667602539062
2015-03-11,150.3782958984375
2015-03-12,150.68841552734375
2015-03-13,150.88943481445312
2015-03-16,150.77325439453125
2015-03-17,150.23062133789062
2015-03-18,151.2994842529297
2015-03-19,151.4936981201172
2015-03-20,149.84461975097656
2015-03-23,149.09698486328125
2015-03-24,149.1803436279297
2015-03-25,148.97726440429688
2015-03-26,149.80612182617188
2015-03-27,149.92172241210938
2015-03-30,149.61737060546875
2015-03-31,150.7341766357422
2015-04-01,150.63072204589844
2015-04-02,150.25222778320312
2015-04-06,149.81982421875
2015-04-07,149.9019317626953
2015-04-08,150.6501007080078
2015-04-09,151.73910522460938
2015-04-10,153.42095947265625
2015-04-13,153.7286834716797
2015-04-14,154.26809692382812
2015-04-15,154.7550811767578
2015-04-16,153.57211303710938
2015-04-17,153.06565856933594
2015-04-20,153.4976043701172
2015-04-21,153.3437042236328
2015-04-22,152.766357421875
2015-04-23,151.77032470703125
2015-04-24,151.8701934814453
2015-04-27,151.5883026123047
2015-04-28,150.45643615722656
2015-04-29,148.779296875
2015-04-30,147.0364227294922
2015-05-01,146.57254028320312
2015-05-04,146.6875
2015-05-05,146.59530639648438
2015-05-06,145.7469482421875
2015-05-07,145.42552185058594
2015-05-08,145.631103515625
2015-05-11,146.64529418945312
2015-05-12,144.91305541992188
2015-05-13,145.06365966796875
2015-05-14,144.9234161376953
2015-05-15,144.8787384033203
2015-05-18,145.0709991455078
2015-05-19,146.939208984375
2015-05-20,146.52847290039062
2015-05-21,146.1048126220703
2015-05-22,146.12550354003906
2015-05-25,146.26194763183594
2015-05-26,146.21629333496094
2015-05-27,146.00794982910156
2015-05-28,144.85122680664062
2015-05-29,144.4351348876953
2015-06-01,144.4206085205078
2015-06-02,142.24684143066406
2015-06-03,140.69602966308594
2015-06-04,139.10299682617188
2015-06-05,139.74647521972656
2015-06-08,139.48683166503906
2015-06-09,140.31280517578125
2015-06-10,140.86561584472656
2015-06-11,140.343505859375
2015-06-12,140.6945037841797
2015-06-15,140.85935974121094
2015-06-16,141.05511474609375
2015-06-17,140.08494567871094
2015-06-18,140.12062072753906
2015-06-19,141.1503143310547
2015-06-22,140.66075134277344
2015-06-23,140.71282958984375
2015-06-24,140.62310791015625
2015-06-25,140.98780822753906
2015-06-26,141.23744201660156
2015-06-29,143.0836944580078
2015-06-30,143.04873657226562
2015-07-01,142.9633026123047
2015-07-02,142.4852294921875
2015-07-03,143.17080688476562
2015-07-06,144.3848114013672
2015-07-07,146.0479278564453
2015-07-08,146.34115600585938
2015-07-09,145.59214782714844
2015-07-10,142.91697692871094
2015-07-13,143.56637573242188
2015-07-14,143.74066162109375
2015-07-15,143.87989807128906
2015-07-16,144.87062072753906
2015-07-17,145.1641845703125
2015-07-20,145.06512451171875
2015-07-21,144.8683319091797
2015-07-22,145.11045837402344
2015-07-23,144.1010284423828
2015-07-24,144.49517822265625
2015-07-27,143.79859924316406
2015-07-28,143.7513885498047
2015-07-29,143.70419311523438
2015-07-30,144.00039672851562
2015-07-31,143.6508026123047
2015-08-03,144.1510772705078
2015-08-04,144.3786163330078
2015-08-05,144.73019409179688
2015-08-06,143.9739990234375
2015-08-07,143.70773315429688
2015-08-10,143.26959228515625
2015-08-11,142.07669067382812
2015-08-12,141.7920379638672
2015-08-13,141.865234375
2015-08-14,141.7979278564453
2015-08-17,142.1659393310547
2015-08-18,142.9366912841797
2015-08-19,142.86184692382812
2015-08-20,141.94607543945312
2015-08-21,142.1154327392578
2015-08-24,142.9828338623047
2015-08-25,143.10885620117188
2015-08-26,144.26531982421875
2015-08-27,144.77980041503906
2015-08-28,144.34078979492188
2015-08-31,144.51663208007812
2015-09-01,145.5780029296875
2015-09-02,145.47047424316406
2015-09-03,146.30319213867188
2015-09-04,148.17161560058594
2015-09-07,147.71945190429688
2015-09-08,147.05487060546875
2015-09-09,145.9642791748047
2015-09-10,145.35244750976562
2015-09-11,144.763427734375
2015-09-14,144.85665893554688
2015-09-15,145.06838989257812
2015-09-16,144.7662811279297
2015-09-17,143.83750915527344
2015-09-18,144.7174072265625
2015-09-21,145.90843200683594
2015-09-22,147.27456665039062
2015-09-23,146.87826538085938
2015-09-24,146.56777954101562
2015-09-25,146.25035095214844
2015-09-28,146.76318359375
2015-09-29,146.70220947265625
2015-09-30,146.7432098388672
2015-10-01,147.35914611816406
2015-10-02,146.8929443359375
2015-10-05,146.27151489257812
2015-10-06,145.99534606933594
2015-10-07,145.9859161376953
2015-10-08,145.99244689941406
2015-10-09,144.49285888671875
2015-10-12,144.67076110839844
2015-10-13,144.94676208496094
2015-10-14,144.90179443359375
2015-10-15,146.05450439453125
2015-10-16,145.7716064453125
2015-10-19,145.8367156982422
2015-10-20,144.9918670654297
2015-10-21,144.90310668945312
2015-10-22,146.29237365722656
2015-10-23,147.6718292236328
2015-10-26,147.9413604736328
2015-10-27,148.4462127685547
2015-10-28,148.1751251220703
2015-10-29,148.99928283691406
2015-10-30,148.3768768310547
2015-11-02,148.3212890625
2015-11-03,148.7398223876953
2015-11-04,149.04779052734375
2015-11-05,148.8968505859375
2015-11-06,148.88746643066406
2015-11-09,148.3474578857422
2015-11-10,149.4010772705078
2015-11-11,149.36788940429688
2015-11-12,149.28443908691406
2015-11-13,149.37669372558594
2015-11-16,149.43775939941406
2015-11-17,149.90869140625
2015-11-18,149.74569702148438
2015-11-19,149.7799530029297
2015-11-20,150.25592041015625
2015-11-23,150.67132568359375
2015-11-24,150.9818572998047
2015-11-25,151.4977264404297
2015-11-26,151.5629425048828
2015-11-27,151.7551727294922
2015-11-30,151.3856658935547
2015-12-01,151.0876007080078
2015-12-02,150.62864685058594
2015-12-03,148.68499755859375
2015-12-04,146.96560668945312
2015-12-07,147.5465087890625
2015-12-08,147.61337280273438
2015-12-09,147.4435577392578
2015-12-10,148.50070190429688
2015-12-11,148.3564910888672
2015-12-14,148.71755981445312
2015-12-15,148.56028747558594
2015-12-16,148.30880737304688
2015-12-17,148.93711853027344
2015-12-18,150.43931579589844
2015-12-21,150.09812927246094
2015-12-22,149.7539825439453
2015-12-23,150.41880798339844
2015-12-24,150.37342834472656
2015-12-25,150.33563232421875
2015-12-28,150.31773376464844
2015-12-29,150.66627502441406
2015-12-30,150.79849243164062
2015-12-31,151.7473602294922
2016-01-04,153.5395965576172
2016-01-05,155.4470977783203
2016-01-06,156.01670837402344
2016-01-07,155.57424926757812
2016-01-08,155.12322998046875
2016-01-11,155.65756225585938
2016-01-12,155.83348083496094
2016-01-13,155.6433868408203
2016-01-14,155.11489868164062
2016-01-15,155.457763671875
2016-01-18,155.791748046875
2016-01-19,155.27688598632812
2016-01-20,156.6561737060547
2016-01-21,156.29837036132812
2016-01-22,155.48709106445312
2016-01-25,155.2315673828125
2016-01-26,155.1367645263672
2016-01-27,154.44195556640625
2016-01-28,153.47718811035156
2016-01-29,152.3997039794922
2016-02-01,152.8925018310547
2016-02-02,152.90673828125
2016-02-03,154.18540954589844
2016-02-04,153.5081787109375
2016-02-05,154.44558715820312
2016-02-08,156.148681640625
2016-02-09,156.27743530273438
2016-02-10,156.64382934570312
2016-02-11,158.34298706054688
2016-02-12,157.74488830566406
2016-02-15,156.85169982910156
2016-02-16,158.15518188476562
2016-02-17,158.1093292236328
2016-02-18,159.61862182617188
2016-02-19,160.80810546875
2016-02-22,161.96084594726562
2016-02-23,164.0130615234375
2016-02-24,165.16526794433594
2016-02-25,163.94931030273438
2016-02-26,163.836181640625
2016-02-29,165.6144256591797
2016-03-01,165.91876220703125
2016-03-02,164.9260711669922
2016-03-03,164.3481903076172
2016-03-04,163.83627319335938
2016-03-07,164.742919921875
2016-03-08,166.06112670898438
2016-03-09,164.78517150878906
2016-03-10,163.19093322753906
2016-03-11,161.38531494140625
2016-03-14,161.99307250976562
2016-03-15,163.36317443847656
2016-03-16,163.26748657226562
2016-03-17,163.29141235351562
2016-03-18,164.81654357910156
2016-03-21,164.78077697753906
2016-03-22,165.5707244873047
2016-03-23,164.40640258789062
2016-03-24,164.3455810546875
2016-03-28,164.0137481689453
2016-03-29,164.04722595214844
2016-03-30,163.39608764648438
2016-03-31,162.53445434570312
2016-04-01,163.64486694335938
2016-04-04,165.28921508789062
2016-04-05,166.40672302246094
2016-04-06,167.22267150878906
2016-04-07,169.991943359375
2016-04-08,169.65496826171875
2016-04-11,169.97360229492188
2016-04-12,169.9467315673828
2016-04-13,169.82835388183594
2016-04-14,170.45147705078125
2016-04-15,170.8052978515625
2016-04-18,171.12701416015625
2016-04-19,169.52334594726562
2016-04-20,170.14793395996094
2016-04-21,169.77952575683594
2016-04-22,168.21372985839844
2016-04-25,167.35104370117188
2016-04-26,167.31655883789062
2016-04-27,166.82383728027344
2016-04-28,171.0215301513672
2016-04-29,171.6414337158203
2016-05-02,172.1726837158203
2016-05-03,172.2466278076172
2016-05-04,172.0605010986328
2016-05-05,172.039306640625
2016-05-06,172.1771697998047
2016-05-09,170.1779327392578
2016-05-10,168.99295043945312
2016-05-11,169.1180877685547
2016-05-12,168.90879821777344
2016-05-13,169.6595001220703
2016-05-16,169.7240447998047
2016-05-17,169.70855712890625
2016-05-18,169.98574829101562
2016-05-19,170.1635284423828
2016-05-20,169.86328125
2016-05-23,171.28724670410156
2016-05-24,171.3272705078125
2016-05-25,170.9583740234375
2016-05-26,171.247314453125
2016-05-27,171.7506561279297
2016-05-30,169.80223083496094
2016-05-31,170.1504669189453
2016-06-01,172.13047790527344
2016-06-02,172.80873107910156
2016-06-03,173.3166961669922
2016-06-06,172.96829223632812
2016-06-07,172.75405883789062
2016-06-08,173.17575073242188
2016-06-09,174.69723510742188
2016-06-10,174.99752807617188
2016-06-13,176.7567901611328
2016-06-14,178.18153381347656
2016-06-15,178.527099609375
2016-06-16,182.72723388671875
2016-06-17,180.19073486328125
2016-06-20,178.44174194335938
2016-06-21,178.80271911621094
2016-06-22,178.86099243164062
2016-06-23,178.43667602539062
2016-06-24,180.1233673095703
2016-06-27,182.7767333984375
2016-06-28,180.56788635253906
2016-06-29,179.60928344726562
2016-06-30,179.01487731933594
2016-07-01,179.10281372070312
2016-07-04,179.39822387695312
2016-07-05,181.27041625976562
2016-07-06,183.9835662841797
2016-07-07,183.46253967285156
2016-07-08,184.06361389160156
2016-07-11,180.28445434570312
2016-07-12,176.8253631591797
2016-07-13,176.2830352783203
2016-07-14,173.65045166015625
2016-07-15,173.13697814941406
2016-07-18,173.74856567382812
2016-07-19,173.37445068359375
2016-07-20,172.98304748535156
2016-07-21,173.0601348876953
2016-07-22,173.51930236816406
2016-07-25,173.9398193359375
2016-07-26,176.4547119140625
2016-07-27,174.648681640625
2016-07-28,174.86544799804688
2016-07-29,176.17527770996094
2016-08-01,176.40316772460938
2016-08-02,176.61203002929688
2016-08-03,177.21505737304688
2016-08-04,177.60365295410156
2016-08-05,177.4926300048828
2016-08-08,175.86326599121094
2016-08-09,176.6345672607422
2016-08-10,177.43939208984375
2016-08-11,177.35794067382812
2016-08-12,177.05870056152344
2016-08-15,177.1045379638672
2016-08-16,177.09593200683594
2016-08-17,176.2573699951172
2016-08-18,176.07920837402344
2016-08-19,176.29129028320312
2016-08-22,175.83465576171875
2016-08-23,176.50894165039062
2016-08-24,177.05213928222656
2016-08-25,176.4458770751953
2016-08-26,176.3025360107422
2016-08-29,174.81356811523438
2016-08-30,174.235595703125
2016-08-31,173.01454162597656
2016-09-01,171.88168334960938
2016-09-02,170.9082794189453
2016-09-05,171.8682098388672
2016-09-06,172.09811401367188
2016-09-07,174.02565002441406
2016-09-08,172.8992919921875
2016-09-09,171.19422912597656
2016-09-12,172.61834716796875
2016-09-13,171.84800720214844
2016-09-14,170.86448669433594
2016-09-15,171.8791961669922
2016-09-16,172.8655242919922
2016-09-19,173.70596313476562
2016-09-20,174.20619201660156
2016-09-21,175.9341583251953
2016-09-22,174.8134765625
2016-09-23,175.4256134033203
2016-09-26,175.53001403808594
2016-09-27,176.57350158691406
2016-09-28,176.2275390625
2016-09-29,174.67254638671875
2016-09-30,175.4241180419922
2016-10-03,174.46343994140625
2016-10-04,173.36366271972656
2016-10-05,171.43463134765625
2016-10-06,170.99278259277344
2016-10-07,171.90182495117188
2016-10-10,171.87216186523438
2016-10-11,172.57498168945312
2016-10-12,173.2031707763672
2016-10-13,173.4915313720703
2016-10-14,172.8357391357422
2016-10-17,173.32318115234375
2016-10-18,173.6393280029297
2016-10-19,174.81300354003906
2016-10-20,174.53561401367188
2016-10-21,175.59547424316406
2016-10-24,174.9785919189453
2016-10-25,174.7010498046875
2016-10-26,174.1307830810547
2016-10-27,173.1201171875
2016-10-28,172.05349731445312
2016-10-31,172.24913024902344
2016-11-01,172.1977996826172
2016-11-02,172.40969848632812
2016-11-03,172.62258911132812
2016-11-04,172.43020629882812
2016-11-07,170.79795837402344
2016-11-08,170.74569702148438
2016-11-09,172.18051147460938
2016-11-10,169.41317749023438
2016-11-11,169.64723205566406
2016-11-14,168.73667907714844
2016-11-15,167.96343994140625
2016-11-16,167.09060668945312
2016-11-17,167.35337829589844
2016-11-18,166.8790740966797
2016-11-21,166.00567626953125
2016-11-22,165.59288024902344
2016-11-23,165.05593872070312
2016-11-24,164.3710479736328
2016-11-25,164.3575439453125
2016-11-28,165.2808074951172
2016-11-29,164.65237426757812
2016-11-30,163.25942993164062
2016-12-01,162.0962677001953
2016-12-02,162.04241943359375
2016-12-05,160.73464965820312
2016-12-06,160.56451416015625
2016-12-07,160.59547424316406
2016-12-08,160.4970703125
2016-12-09,160.86325073242188
2016-12-12,158.7659149169922
2016-12-13,159.06971740722656
2016-12-14,159.33226013183594
2016-12-15,158.41539001464844
2016-12-16,158.74783325195312
2016-12-19,159.92318725585938
2016-12-20,159.77792358398438
2016-12-21,159.889892578125
2016-12-22,159.35780334472656
2016-12-23,159.4179229736328
2016-12-26,159.482666015625
2016-12-27,159.39930725097656
2016-12-28,159.776611328125
2016-12-29,160.14312744140625
2016-12-30,158.6763153076172
2017-01-02,158.88711547851562
2017-01-03,158.9766082763672
2017-01-04,158.81964111328125
2017-01-05,159.04449462890625
2017-01-06,158.57330322265625
2017-01-09,158.76583862304688
2017-01-10,158.8529815673828
2017-01-11,159.40379333496094
2017-01-12,160.08926391601562
2017-01-13,159.79104614257812
2017-01-16,161.0463104248047
2017-01-17,160.95596313476562
2017-01-18,160.67739868164062
2017-01-19,158.86683654785156
2017-01-20,158.52658081054688
2017-01-23,159.727783203125
2017-01-24,159.5085906982422
2017-01-25,159.16329956054688
2017-01-26,158.17758178710938
2017-01-27,157.60980224609375
2017-01-30,159.18960571289062
2017-01-31,158.99952697753906
2017-02-01,158.48220825195312
2017-02-02,159.16302490234375
2017-02-03,159.3144073486328
2017-02-06,160.2341766357422
2017-02-07,160.89613342285156
2017-02-08,161.37037658691406
2017-02-09,160.79246520996094
2017-02-10,160.3358612060547
2017-02-13,159.99917602539062
2017-02-14,160.06593322753906
2017-02-15,159.6288604736328
2017-02-16,159.74993896484375
2017-02-17,160.85653686523438
2017-02-20,160.7061767578125
2017-02-21,161.20555114746094
2017-02-22,162.2305450439453
2017-02-23,162.3037109375
2017-02-24,162.8791046142578
2017-02-27,163.1619873046875
2017-02-28,163.07057189941406
2017-03-01,161.49928283691406
2017-03-02,160.82650756835938
2017-03-03,160.36276245117188
2017-03-06,160.8721466064453
2017-03-07,160.68402099609375
2017-03-08,160.1910400390625
2017-03-09,159.53627014160156
2017-03-10,157.96249389648438
2017-03-13,158.09349060058594
2017-03-14,158.43296813964844
2017-03-15,158.84933471679688
2017-03-16,159.54644775390625
2017-03-17,159.66384887695312
2017-03-20,159.74354553222656
2017-03-21,159.82415771484375
2017-03-22,161.57672119140625
2017-03-23,162.2019805908203
2017-03-24,161.47418212890625
2017-03-27,161.5992889404297
2017-03-28,161.9273223876953
2017-03-29,162.71734619140625
2017-03-30,162.36167907714844
2017-03-31,162.36630249023438
2017-04-03,163.50592041015625
2017-04-04,164.4603271484375
2017-04-05,163.38143920898438
2017-04-06,164.0126190185547
2017-04-07,164.8294677734375
2017-04-10,164.787109375
2017-04-11,165.851318359375
2017-04-12,167.21817016601562
2017-04-13,167.5706024169922
2017-04-17,167.83848571777344
2017-04-18,167.6187744140625
2017-04-19,166.7941436767578
2017-04-20,166.3363037109375
2017-04-21,166.8309326171875
2017-04-24,162.80662536621094
2017-04-25,161.65370178222656
2017-04-26,160.7432861328125
2017-04-27,160.99432373046875
2017-04-28,160.51707458496094
2017-05-01,160.3065643310547
2017-05-02,160.20892333984375
2017-05-03,160.07046508789062
2017-05-04,159.66717529296875
2017-05-05,159.62576293945312
2017-05-08,159.58908081054688
2017-05-09,158.35833740234375
2017-05-10,158.56285095214844
2017-05-11,158.7124481201172
2017-05-12,158.48031616210938
2017-05-15,157.5834197998047
2017-05-16,156.55752563476562
2017-05-17,157.75682067871094
2017-05-18,159.29222106933594
2017-05-19,157.88864135742188
2017-05-22,157.2104949951172
2017-05-23,157.65621948242188
2017-05-24,157.1005859375
2017-05-25,156.9320526123047
2017-05-26,158.29820251464844
2017-05-29,158.15103149414062
2017-05-30,158.73753356933594
2017-05-31,158.1503448486328
2017-06-01,157.8091278076172
2017-06-02,157.52476501464844
2017-06-05,157.67300415039062
2017-06-06,157.9063262939453
2017-06-07,158.1324462890625
2017-06-08,156.81979370117188
2017-06-09,157.23345947265625
2017-06-12,157.6062774658203
2017-06-13,157.4537353515625
2017-06-14,157.5034942626953
2017-06-15,157.9208984375
2017-06-16,156.5192413330078
2017-06-19,156.4197540283203
2017-06-20,156.44287109375
2017-06-21,156.50735473632812
2017-06-22,156.4517822265625
2017-06-23,156.37513732910156
2017-06-26,156.33416748046875
2017-06-27,154.67877197265625
2017-06-28,153.1215057373047
2017-06-29,151.914306640625
2017-06-30,152.29098510742188
2017-07-03,151.5554962158203
2017-07-04,151.60630798339844
2017-07-05,151.3947296142578
2017-07-06,150.6466827392578
2017-07-07,149.79090881347656
2017-07-10,149.46844482421875
2017-07-11,149.04934692382812
2017-07-12,149.97642517089844
2017-07-13,150.65357971191406
2017-07-14,150.72592163085938
2017-07-17,150.69204711914062
2017-07-18,150.8008575439453
2017-07-19,150.99163818359375
2017-07-20,150.77171325683594
2017-07-21,150.4675750732422
2017-07-24,150.7666015625
2017-07-25,149.7284698486328
2017-07-26,149.66891479492188
2017-07-27,149.66622924804688
2017-07-28,149.577392578125
2017-07-31,150.02110290527344
2017-08-01,149.3408660888672
2017-08-02,148.909423828125
2017-08-03,149.13465881347656
2017-08-04,149.36419677734375
2017-08-07,149.28065490722656
2017-08-08,149.994140625
2017-08-09,151.52137756347656
2017-08-10,151.69781494140625
2017-08-11,151.66748046875
2017-08-14,151.43186950683594
2017-08-15,151.32473754882812
2017-08-16,151.2957305908203
2017-08-17,152.39010620117188
2017-08-18,153.2299346923828
2017-08-21,152.91932678222656
2017-08-22,152.51123046875
2017-08-23,152.4906463623047
2017-08-24,152.11016845703125
2017-08-25,151.38063049316406
2017-08-28,150.6160888671875
2017-08-29,150.1062774658203
2017-08-30,149.77182006835938
2017-08-31,150.2245330810547
2017-09-01,150.0794219970703
2017-09-04,150.794921875
2017-09-05,151.3617401123047
2017-09-06,151.2952117919922
2017-09-07,151.00071716308594
2017-09-08,151.59521484375
2017-09-11,150.5164031982422
2017-09-12,149.6544189453125
2017-09-13,149.0303497314453
2017-09-14,148.88864135742188
2017-09-15,147.63864135742188
2017-09-18,147.47804260253906
2017-09-19,147.35655212402344
2017-09-20,147.16952514648438
2017-09-21,147.03749084472656
2017-09-22,147.30787658691406
2017-09-25,148.27041625976562
2017-09-26,149.08026123046875
2017-09-27,148.2794647216797
2017-09-28,147.85781860351562
2017-09-29,147.87188720703125
2017-10-02,148.09393310546875
2017-10-03,147.88845825195312
2017-10-04,148.3722686767578
2017-10-05,148.67417907714844
2017-10-06,148.40353393554688
2017-10-09,148.3679656982422
2017-10-10,148.1712188720703
2017-10-11,147.89625549316406
2017-10-12,147.7882080078125
2017-10-13,148.4586181640625
2017-10-16,148.8678436279297
2017-10-17,148.5589599609375
2017-10-18,147.79786682128906
2017-10-19,147.28253173828125
2017-10-20,146.82359313964844
2017-10-23,146.9015655517578
2017-10-24,146.53494262695312
2017-10-25,146.4243927001953
2017-10-26,147.39389038085938
2017-10-27,148.5916748046875
2017-10-30,148.92739868164062
2017-10-31,148.7322540283203
2017-11-01,148.5713653564453
2017-11-02,148.49758911132812
2017-11-03,148.6446533203125
2017-11-06,149.04916381835938
2017-11-07,149.3949737548828
2017-11-08,149.84632873535156
2017-11-09,149.43594360351562
2017-11-10,149.07672119140625
2017-11-13,148.77159118652344
2017-11-14,147.60055541992188
2017-11-15,147.60357666015625
2017-11-16,148.07777404785156
2017-11-17,148.5625762939453
2017-11-20,149.17884826660156
2017-11-21,149.49281311035156
2017-11-22,149.7904052734375
2017-11-23,149.541015625
2017-11-24,149.15028381347656
2017-11-27,149.03857421875
2017-11-28,149.32656860351562
2017-11-29,149.15997314453125
2017-11-30,148.2340850830078
2017-12-01,147.70516967773438
2017-12-04,147.57337951660156
2017-12-05,148.0501251220703
2017-12-06,148.9726104736328
2017-12-07,148.53585815429688
2017-12-08,148.15269470214844
2017-12-11,147.93374633789062
2017-12-12,148.18421936035156
2017-12-13,148.71292114257812
2017-12-14,148.5660400390625
2017-12-15,149.22970581054688
2017-12-18,149.00381469726562
2017-12-19,148.2462921142578
2017-12-20,147.0969696044922
2017-12-21,146.83287048339844
2017-12-22,147.07662963867188
2017-12-26,147.15341186523438
2017-12-27,147.04551696777344
2017-12-28,147.00546264648438
2017-12-29,146.69735717773438
2018-01-02,146.67955017089844
2018-01-03,146.63055419921875
2018-01-04,146.15757751464844
2018-01-05,145.8482208251953
2018-01-08,146.40455627441406
2018-01-09,146.8672637939453
2018-01-10,147.304443359375
2018-01-11,146.66944885253906
2018-01-12,145.8795166015625
2018-01-15,145.1494903564453
2018-01-16,145.44815063476562
2018-01-17,145.43832397460938
2018-01-18,144.86996459960938
2018-01-19,145.37576293945312
2018-01-22,145.20298767089844
2018-01-23,145.52584838867188
2018-01-24,145.64622497558594
2018-01-25,145.50694274902344
2018-01-26,145.37759399414062
2018-01-29,146.15863037109375
2018-01-30,145.69378662109375
2018-01-31,145.02151489257812
2018-02-01,144.0377655029297
2018-02-02,143.5107879638672
2018-02-05,144.24423217773438
2018-02-06,146.07347106933594
2018-02-07,146.34039306640625
2018-02-08,146.81361389160156
2018-02-09,147.6494140625
2018-02-12,147.76475524902344
2018-02-13,148.03851318359375
2018-02-14,148.4866943359375
2018-02-15,148.06044006347656
2018-02-16,148.81283569335938
2018-02-19,148.81832885742188
2018-02-20,148.69522094726562
2018-02-21,148.6518096923828
2018-02-22,149.71499633789062
2018-02-23,150.0718231201172
2018-02-26,149.7162628173828
2018-02-27,149.72921752929688
2018-02-28,150.9286651611328
2018-03-01,151.4312286376953
2018-03-02,151.5964813232422
2018-03-05,151.3153839111328
2018-03-06,149.68673706054688
2018-03-07,150.08743286132812
2018-03-08,149.86480712890625
2018-03-09,149.9445037841797
2018-03-12,150.21641540527344
2018-03-13,149.1063232421875
2018-03-14,149.88111877441406
2018-03-15,150.7467041015625
2018-03-16,151.38356018066406
2018-03-19,151.021728515625
2018-03-20,150.93666076660156
2018-03-21,151.11558532714844
2018-03-22,151.51458740234375
2018-03-23,151.5460662841797
2018-03-26,150.58009338378906
2018-03-27,149.98268127441406
2018-03-28,149.6393280029297
2018-03-29,149.9561004638672
2018-04-02,150.0181427001953
2018-04-03,150.06304931640625
2018-04-04,150.18215942382812
2018-04-05,149.30230712890625
2018-04-06,149.18263244628906
2018-04-09,148.78289794921875
2018-04-10,148.25978088378906
2018-04-11,148.39065551757812
2018-04-12,148.54019165039062
2018-04-13,147.9895782470703
2018-04-16,147.85870361328125
2018-04-17,148.20179748535156
2018-04-18,147.73031616210938
2018-04-19,147.6409149169922
2018-04-20,147.87472534179688
2018-04-23,147.62078857421875
2018-04-24,147.03912353515625
2018-04-25,147.04969787597656
2018-04-26,147.38571166992188
2018-04-27,148.2187957763672
2018-04-30,148.2800750732422
2018-05-01,148.42352294921875
2018-05-02,148.42352294921875
2018-05-03,148.88665771484375
2018-05-04,149.0738983154297
2018-05-07,149.20147705078125
2018-05-08,149.74185180664062
2018-05-09,149.12521362304688
2018-05-10,148.9669189453125
2018-05-11,148.86929321289062
2018-05-14,148.08551025390625
2018-05-15,148.54010009765625
2018-05-16,149.35862731933594
2018-05-17,148.53216552734375
2018-05-18,148.49697875976562
2018-05-21,148.51644897460938
2018-05-22,148.5108184814453
2018-05-23,150.88059997558594
2018-05-24,151.35772705078125
2018-05-25,152.1393585205078
2018-05-28,152.69808959960938
2018-05-29,154.2434539794922
2018-05-30,153.4254150390625
2018-05-31,152.6348876953125
2018-06-01,151.8330078125
2018-06-04,151.1048583984375
2018-06-05,151.2294158935547
2018-06-06,149.5549774169922
2018-06-07,149.144775390625
2018-06-08,150.7165069580078
2018-06-11,149.56155395507812
2018-06-12,149.12794494628906
2018-06-13,149.3265380859375
2018-06-14,150.5774688720703
2018-06-15,151.2847442626953
2018-06-18,151.4879608154297
2018-06-19,153.01170349121094
2018-06-20,152.3074493408203
2018-06-21,152.0650634765625
2018-06-22,151.47052001953125
2018-06-25,151.43650817871094
2018-06-26,151.52032470703125
2018-06-27,151.5404510498047
2018-06-28,151.74630737304688
2018-06-29,150.3767547607422
2018-07-02,150.79275512695312
2018-07-03,150.54840087890625
2018-07-04,150.8628692626953
2018-07-05,150.11842346191406
2018-07-06,149.80850219726562
2018-07-09,149.2853546142578
2018-07-10,149.10311889648438
2018-07-11,148.77955627441406
2018-07-12,148.08853149414062
2018-07-13,148.17385864257812
2018-07-16,148.01695251464844
2018-07-17,148.01808166503906
2018-07-18,148.75799560546875
2018-07-19,148.85116577148438
2018-07-20,148.92315673828125
2018-07-23,149.3568115234375
2018-07-24,149.01841735839844
2018-07-25,149.5623016357422
2018-07-26,149.3402557373047
2018-07-27,149.56895446777344
2018-07-30,148.75856018066406
2018-07-31,148.3134307861328
2018-08-01,147.9521484375
2018-08-02,149.2726593017578
2018-08-03,149.5896453857422
2018-08-06,149.98045349121094
2018-08-07,149.76820373535156
2018-08-08,149.90274047851562
2018-08-09,150.3106231689453
2018-08-10,152.28179931640625
2018-08-13,153.0379180908203
2018-08-14,153.00514221191406
2018-08-15,153.42279052734375
2018-08-16,153.04681396484375
2018-08-17,153.267578125
2018-08-20,152.7381591796875
2018-08-21,151.7986297607422
2018-08-22,150.58494567871094
2018-08-23,150.10276794433594
2018-08-24,149.43099975585938
2018-08-27,149.1580352783203
2018-08-28,148.29698181152344
2018-08-29,148.35357666015625
2018-08-30,148.36880493164062
2018-08-31,149.4525604248047
2018-09-03,149.42926025390625
2018-09-04,149.7192840576172
2018-09-05,149.10794067382812
2018-09-06,149.28399658203125
2018-09-07,149.82382202148438
2018-09-10,149.7772979736328
2018-09-11,149.5426483154297
2018-09-12,149.0996856689453
2018-09-13,148.20361328125
2018-09-14,147.4846954345703
2018-09-17,147.3694610595703
2018-09-18,147.23440551757812
2018-09-19,147.32589721679688
2018-09-20,146.2198944091797
2018-09-21,145.62652587890625
2018-09-24,145.471923828125
2018-09-25,145.3788299560547
2018-09-26,145.70059204101562
2018-09-27,146.3065643310547
2018-09-28,146.82211303710938
2018-10-01,146.26278686523438
2018-10-02,146.98764038085938
2018-10-03,146.88629150390625
2018-10-04,147.02801513671875
2018-10-05,147.46981811523438
2018-10-08,147.78076171875
2018-10-09,147.73179626464844
2018-10-10,147.30252075195312
2018-10-11,147.64129638671875
2018-10-12,147.69000244140625
2018-10-15,147.92959594726562
2018-10-16,147.59596252441406
2018-10-17,148.17568969726562
2018-10-18,148.0950927734375
2018-10-19,148.2772979736328
2018-10-22,148.00132751464844
2018-10-23,149.02923583984375
2018-10-24,149.5301055908203
2018-10-25,150.043701171875
2018-10-26,151.1392059326172
2018-10-29,150.05406188964844
2018-10-30,149.80288696289062
2018-10-31,149.78988647460938
2018-11-01,149.6513214111328
2018-11-02,149.57412719726562
2018-11-05,149.38592529296875
2018-11-06,148.8409423828125
2018-11-07,148.17860412597656
2018-11-08,148.35850524902344
2018-11-09,149.32174682617188
2018-11-12,150.39108276367188
2018-11-13,150.1207733154297
2018-11-14,149.9622802734375
2018-11-15,150.47964477539062
2018-11-16,150.16217041015625
2018-11-19,149.8601531982422
2018-11-20,150.2869110107422
2018-11-21,149.84519958496094
2018-11-22,150.04806518554688
2018-11-23,150.21148681640625
2018-11-26,150.04188537597656
2018-11-27,150.1809539794922
2018-11-28,150.12184143066406
2018-11-29,149.8197021484375
2018-11-30,149.9459228515625
2018-12-03,150.11090087890625
2018-12-04,150.52078247070312
2018-12-05,150.75311279296875
2018-12-06,151.03831481933594
2018-12-07,150.54725646972656
2018-12-10,150.35516357421875
2018-12-11,150.39447021484375
2018-12-12,150.1961669921875
2018-12-13,149.99391174316406
2018-12-14,151.0156707763672
2018-12-17,150.9014892578125
2018-12-18,151.31849670410156
2018-12-19,151.14837646484375
2018-12-20,151.77041625976562
2018-12-21,152.59710693359375
2018-12-26,152.98251342773438
2018-12-27,152.83651733398438
2018-12-28,152.97630310058594
2018-12-31,153.31541442871094
2019-01-02,154.17291259765625
2019-01-03,154.61904907226562
2019-01-04,154.3317413330078
2019-01-07,153.25469970703125
2019-01-08,152.7469024658203
2019-01-09,152.3658905029297
2019-01-10,152.44407653808594
2019-01-11,152.56072998046875
2019-01-14,152.77490234375
2019-01-15,152.81700134277344
2019-01-16,152.81700134277344
2019-01-17,152.66673278808594
2019-01-18,151.93382263183594
2019-01-21,151.93382263183594
2019-01-22,152.251220703125
2019-01-23,151.93801879882812
2019-01-24,152.25543212890625
2019-01-25,151.79116821289062
2019-01-28,151.94175720214844
2019-01-29,151.79234313964844
